id,conversation_id,outcome,total_messages,total_attempts,duration_hours,province,success_factors,failure_factors,contact_personality,effective_strategies,recommended_improvements,summary,processed,created_at,source
3,20,GOT_NUMBER,5,1,1.04,Aceh,"[""Komunikasi yang jelas dan sopan"", ""Menawarkan informasi tambahan tentang tujuan audiensi"", ""Respons cepat dari kontak""]",,ramah,"[""Menggunakan sapaan yang sopan"", ""Menjelaskan tujuan dengan jelas"", ""Menggunakan emotikon untuk menciptakan suasana yang lebih hangat""]","Menyediakan lebih banyak informasi tentang kolaborasi yang diusulkan untuk meningkatkan minat dan pemahaman kontak.","Percakapan berlangsung dengan baik, di mana Ali mengundang Rektor untuk audiensi daring mengenai kolaborasi di bidang Artificial Intelligence. Kontak memberikan nomor sekretaris rektor dengan cepat, dan Ali menunjukkan sikap yang ramah dan terbuka untuk pertanyaan lebih lanjut.",1,2026-02-20T14:07:36.699352+00:00,outreach
4,20,GOT_NUMBER,8,3,0.05,Aceh,"[""Ali memperkenalkan diri dan tujuan dengan jelas"", ""Penggunaan bahasa yang sopan dan ramah"", ""Menunjukkan rasa terima kasih setelah mendapatkan informasi""]",,ramah,"[""Mengulangi informasi penting untuk memastikan pemahaman"", ""Menggunakan emotikon untuk menciptakan suasana yang lebih hangat""]","Mungkin bisa menambahkan informasi lebih lanjut tentang manfaat kolaborasi untuk menarik perhatian lebih","Percakapan berlangsung dengan baik, di mana Ali berhasil mendapatkan nomor kontak yang tepat untuk melanjutkan diskusi tentang kolaborasi di bidang AI dengan pihak universitas. Kontak menunjukkan sikap ramah dan kooperatif.",1,2026-02-20T14:33:14.115772+00:00,outreach
5,20,GOT_NUMBER,7,2,0.03,Aceh,"[""Ali memperkenalkan diri dengan jelas"", ""Ali menjelaskan tujuan percakapan dengan baik"", ""Ali menunjukkan sikap sopan dan menghargai"", ""Kontak memberikan informasi yang dibutuhkan""]",,ramah,"[""Menggunakan pendekatan sopan dan profesional"", ""Menjelaskan konteks dan tujuan dengan jelas"", ""Menunjukkan empati dan kesadaran terhadap kenyamanan kontak""]","Menyediakan informasi lebih awal tentang bagaimana nomor kontak diperoleh untuk menghindari kebingungan","Percakapan antara Ali dan narahubung universitas berlangsung dengan baik, di mana Ali berhasil mendapatkan nomor kontak yang diperlukan untuk mengundang Rektor dalam audiensi daring mengenai kolaborasi di bidang Artificial Intelligence.",1,2026-02-20T14:46:31.243572+00:00,outreach
6,20,GOT_NUMBER,9,2,0.04,Aceh,"[""Ali memperkenalkan diri dan tujuan dengan jelas"", ""Ali menunjukkan sikap sopan dan menghargai waktu kontak"", ""Kontak memberikan informasi yang dibutuhkan""]",,"ramah dan kooperatif","[""Menggunakan pendekatan yang sopan dan profesional"", ""Menjelaskan tujuan dengan jelas"", ""Menunjukkan empati dan kesadaran terhadap kenyamanan kontak""]","Menyediakan lebih banyak informasi tentang audiensi untuk meningkatkan minat dan kejelasan","Percakapan ini berhasil dalam mendapatkan nomor kontak asisten rektor untuk audiensi tentang kolaborasi di bidang Artificial Intelligence. Kontak bersikap ramah dan kooperatif, dan Ali berhasil menyampaikan tujuannya dengan baik.",1,2026-02-20T14:46:36.918236+00:00,outreach
7,21,REFUSED,3,0,0.01,,"[""Penggunaan salam yang sopan"", ""Penjelasan yang jelas tentang tujuan audiensi"", ""Penyebutan universitas lain yang terlibat""]","[""Tidak ada respons positif dari kontak"", ""Kontak tidak memberikan informasi yang diminta""]","Ramah namun kurang responsif","[""Menggunakan pendekatan yang sopan dan profesional"", ""Menjelaskan manfaat kolaborasi secara jelas""]","Mencoba pendekatan yang lebih langsung atau menawarkan alternatif cara komunikasi, seperti telepon atau email.","Percakapan ini berfokus pada undangan untuk audiensi daring mengenai kolaborasi di bidang AI. Meskipun kontak menunjukkan sikap ramah, tidak ada informasi lebih lanjut yang diberikan, dan undangan ditolak.",1,2026-02-21T02:40:34.446695+00:00,outreach
8,21,REFUSED,5,0,0.03,,"[""Ali memperkenalkan diri dan tujuan dengan jelas"", ""Ali menunjukkan rasa hormat dan sopan santun"", ""Ali memberikan konteks tentang kolaborasi yang diusulkan""]","[""Kontak tidak bersedia memberikan informasi kontak yang diminta"", ""Tidak ada minat lebih lanjut dari kontak untuk mendiskusikan kolaborasi""]","formal dan tegas","[""Menggunakan pendekatan sopan dan profesional"", ""Memberikan informasi latar belakang yang relevan tentang kolaborasi""]","Mencari alternatif kontak yang lebih terbuka untuk diskusi atau menjelaskan lebih lanjut manfaat kolaborasi untuk menarik minat","Percakapan antara Ali dan kontak universitas berfokus pada undangan untuk audiensi daring mengenai kolaborasi di bidang AI. Meskipun Ali menjelaskan tujuan dan konteks dengan baik, kontak menolak untuk memberikan informasi kontak yang diminta, sehingga percakapan berakhir tanpa hasil positif.",1,2026-02-21T02:41:39.168798+00:00,outreach
9,22,GOT_NUMBER,7,2,0.04,,"[""Ali menggunakan bahasa yang sopan dan ramah"", ""Ali menjelaskan tujuan audiensi dengan jelas"", ""Kontak memberikan informasi yang dibutuhkan""]",,ramah,"[""Menggunakan ungkapan terima kasih"", ""Menjelaskan konteks dan tujuan dengan jelas"", ""Meminta bantuan dengan sopan""]","Mungkin bisa menambahkan informasi lebih lanjut tentang manfaat kolaborasi untuk menarik perhatian lebih","Percakapan ini berhasil dengan baik, di mana Ali berhasil mendapatkan nomor kontak sekretariat rektor setelah menjelaskan tujuan audiensi. Kontak bersikap ramah dan memberikan informasi yang dibutuhkan.",1,2026-02-21T02:48:06.617598+00:00,outreach
10,25,GOT_NUMBER,11,4,0.09,,"[""Komunikasi yang sopan dan ramah"", ""Penjelasan yang jelas tentang tujuan kontak"", ""Kesediaan kontak untuk membantu""]","[""Nomor yang diberikan awalnya tidak valid""]","Ramah dan kooperatif","[""Menggunakan sapaan yang sopan"", ""Menjelaskan tujuan dengan jelas"", ""Menggunakan emotikon untuk menciptakan suasana yang lebih akrab""]","Menyediakan informasi lebih lanjut tentang audiensi untuk meningkatkan kepercayaan dan minat kontak","Percakapan ini melibatkan permintaan nomor kontak sekretariat rektor untuk audiensi tentang kolaborasi AI. Meskipun ada kesulitan dengan nomor yang tidak valid, kontak akhirnya memberikan nomor yang benar dan kooperatif dalam membantu permintaan tersebut.",1,2026-02-21T03:29:41.648616+00:00,outreach
11,38,GOT_NUMBER,5,1,0.02,,"[""Ali memperkenalkan diri dan institusi dengan sopan"", ""Memberikan konteks kerjasama dengan menyebut universitas lain sebagai referensi kredibilitas"", ""Menjaga nada percakapan tetap profesional dan hormat"", ""Respons cepat dan jelas dari kontak""]",,"cukup formal namun langsung dan to the point","[""Memberikan klarifikasi asal dan tujuan saat kontak menanyakan latar belakang"", ""Menunjukkan bukti sosial dengan menyebut institusi lain yang sudah terlibat"", ""Mengucapkan terima kasih dan memastikan tindak lanjut di akhir percakapan""]","Ali dapat menambahkan detail waktu atau langkah tindak lanjut yang lebih spesifik untuk memperjelas rencana koordinasi berikutnya.","Ali dari Asosiasi AI Indonesia menghubungi narahubung universitas untuk meminta kontak sekretaris rektor terkait audiensi daring. Setelah klarifikasi singkat mengenai asal dan tujuan pesan, kontak memberikan nomor yang diminta. Percakapan berakhir dengan respon positif dan hasil berupa didapatkannya nomor kontak yang relevan.",1,2026-02-22T08:09:20.715856+00:00,outreach
12,39,GOT_NUMBER,9,3,0.03,,"[""Ali memperkenalkan diri dan asal organisasi dengan jelas"", ""Nada percakapan sopan dan profesional"", ""Ali merespons pertanyaan kontak dengan cepat dan informatif"", ""Kontak memberikan informasi yang diminta (nomor sekretaris rektor)""]",,"penasaran namun kooperatif dan sopan","[""Memberikan konteks dan kredibilitas organisasi"", ""Menunjukkan penghargaan dengan ucapan terima kasih berulang"", ""Menjaga nada formal dan ramah sepanjang percakapan""]","Dapat menambahkan penjelasan singkat tentang tujuan audiensi agar kontak lebih memahami manfaat bagi universitas sejak awal.","Ali dari Asosiasi Artificial Intelligence Indonesia menghubungi perwakilan universitas untuk meminta kontak sekretaris rektor. Setelah menjelaskan asal-usul dan tujuan, kontak memberikan nomor Bu Asih (sekretaris rektor). Percakapan berlangsung singkat, sopan, dan berakhir dengan keberhasilan memperoleh nomor kontak yang dibutuhkan.",1,2026-02-22T08:14:05.302468+00:00,outreach
13,55,GOT_NUMBER,9,3,0.04,,"[""Ali membuka percakapan dengan salam dan perkenalan formal"", ""Penjelasan singkat tentang organisasi dan tujuan percakapan yang jelas"", ""Sopan dan menghargai kontak dengan penggunaan bahasa formal dan emotikon sopan"", ""Ali responsif dan menyesuaikan pertanyaan dengan konteks lawan bicara""]",,"ramah namun singkat dalam menjawab, cenderung langsung ke inti","[""Menjelaskan konteks undangan dan menyebut nama universitas besar untuk meningkatkan kredibilitas"", ""Menggunakan bahasa formal dengan sentuhan sopan santun"", ""Mengajukan pertanyaan terbuka untuk memahami posisi lawan bicara"", ""Menutup percakapan dengan ucapan terima kasih dan rencana tindak lanjut""]","Ali dapat memberikan sedikit tambahan konteks tentang manfaat konkret kolaborasi untuk universitas tersebut agar lebih menarik dan meningkatkan keterlibatan kontak.","Ali dari Asosiasi Artificial Intelligence Indonesia menghubungi pihak universitas untuk meminta kontak sekretaris rektor guna mengirim undangan audiensi. Kontak merespons singkat namun membantu, memberikan nomor sekretaris rektor (Ibu Jiwi). Percakapan berlangsung lancar dan menghasilkan nomor kontak yang diinginkan.",1,2026-02-22T18:21:40.379591+00:00,outreach
