id,university_id,contact_phone,state,message_history,extracted_number,last_message_at,next_action_at,attempt_count,created_at,agent_reasoning,is_test,followup_count,extracted_contact_name,extracted_contact_role,last_response_id
47,,+6287811152506,ABANDONED,"[{""role"": ""bot"", ""content"": ""Selamat pagi,\n\nIzin saya Ali tim dari Asosiasi Artificial Intelligence Indonesia\n\nKami ingin mengundang Rektor untuk Audiensi Daring Zoom mendiskusikan potensi kolaborasi di Universitas Test.\n\nSebelumnya undangan telah diterima juga oleh Universitas Indonesia, UNAIR, Universitas Pelita Harapan, Binus University dan 120 kampus lainnya\n\nBoleh dibantu no WA pihak yang tepat untuk kami hubungi? Jika ada kontak sekretaris rektor untuk diskusi lanjutan. Terima kasih \ud83d\ude4f\ud83c\udffb"", ""timestamp"": ""2026-02-22T13:00:28.479714+00:00""}, {""role"": ""contact"", ""content"": ""dari mana yah"", ""timestamp"": ""2026-02-22T13:00:57.791661+00:00""}, {""role"": ""bot"", ""content"": ""Perkenalkan, saya Ali dari Asosiasi Artificial Intelligence Indonesia, Bu. Nomor Ibu saya dapat dari media sosial kampus. Mohon maaf sebelumnya kalau tiba-tiba, kami ingin mengundang Universitas Test untuk audiensi daring soal kolaborasi AI \ud83d\ude4f\ud83c\udffb"", ""timestamp"": ""2026-02-22T13:00:59.716647+00:00""}, {""role"": ""contact"", ""content"": ""asosiasi apa ini"", ""timestamp"": ""2026-02-22T13:01:37.370064+00:00""}, {""role"": ""bot"", ""content"": ""Asosiasi Artificial Intelligence Indonesia, Bu \u2014 organisasi profesi yang fokus memajukan penerapan AI di berbagai sektor, termasuk pendidikan tinggi. Kami sering berdiskusi dengan rektorat kampus tentang kolaborasi riset dan pengembangan AI di lingkungan universitas."", ""timestamp"": ""2026-02-22T13:01:40.596776+00:00""}, {""role"": ""contact"", ""content"": ""ok, tolong kirim aja kesini surat undanganya"", ""timestamp"": ""2026-02-22T13:02:22.560798+00:00""}, {""role"": ""bot"", ""content"": ""Baik, Bu. Surat undangannya sudah saya kirim ke sini ya. Mohon dicek, semoga bisa diterima dengan baik \ud83d\ude4f\ud83c\udffb"", ""timestamp"": ""2026-02-22T13:02:33.248731+00:00""}]",,2026-02-22T13:02:33.248764+00:00,,3,2026-02-22T13:00:28.458203+00:00,"Tools used: generate_and_send_invitation. Action: need_more.",1,0,,,resp_06830f0d02229b5c00699afe6813fc8194bdd738bec720675e
48,,+6287811152506,ABANDONED,"[{""role"": ""bot"", ""content"": ""Selamat pagi,\n\nIzin saya Ali tim dari Asosiasi Artificial Intelligence Indonesia\n\nKami ingin mengundang Rektor untuk Audiensi Daring Zoom mendiskusikan potensi kolaborasi di Universitas Test.\n\nSebelumnya undangan telah diterima juga oleh Universitas Indonesia, UNAIR, Universitas Pelita Harapan, Binus University dan 120 kampus lainnya\n\nBoleh dibantu no WA pihak yang tepat untuk kami hubungi? Jika ada kontak sekretaris rektor untuk diskusi lanjutan. Terima kasih \ud83d\ude4f\ud83c\udffb"", ""timestamp"": ""2026-02-22T13:11:43.178840+00:00""}]",,2026-02-22T13:11:43.178871+00:00,,0,2026-02-22T13:11:43.160989+00:00,,1,0,,,
49,,+6287811152506,ABANDONED,"[{""role"": ""bot"", ""content"": ""Selamat pagi,\n\nIzin saya Ali tim dari Asosiasi Artificial Intelligence Indonesia\n\nKami ingin mengundang Rektor untuk Audiensi Daring Zoom mendiskusikan potensi kolaborasi di Universitas Testing.\n\nSebelumnya undangan telah diterima juga oleh Universitas Indonesia, UNAIR, Universitas Pelita Harapan, Binus University dan 120 kampus lainnya\n\nBoleh dibantu no WA pihak yang tepat untuk kami hubungi? Jika ada kontak sekretaris rektor untuk diskusi lanjutan. Terima kasih \ud83d\ude4f\ud83c\udffb"", ""timestamp"": ""2026-02-22T13:13:48.916444+00:00""}]",,2026-02-22T13:13:48.916472+00:00,,0,2026-02-22T13:13:48.895188+00:00,,1,0,,,
50,,+6287811152506,ABANDONED,"[{""role"": ""bot"", ""content"": ""Selamat pagi,\n\nIzin saya Ali tim dari Asosiasi Artificial Intelligence Indonesia\n\nKami ingin mengundang Rektor untuk Audiensi Daring Zoom mendiskusikan potensi kolaborasi di Universitas Indonesia.\n\nSebelumnya undangan telah diterima juga oleh Universitas Indonesia, UNAIR, Universitas Pelita Harapan, Binus University dan 120 kampus lainnya\n\nBoleh dibantu no WA pihak yang tepat untuk kami hubungi? Jika ada kontak sekretaris rektor untuk diskusi lanjutan. Terima kasih \ud83d\ude4f\ud83c\udffb"", ""timestamp"": ""2026-02-22T13:18:35.356800+00:00""}]",,2026-02-22T13:18:35.356826+00:00,,0,2026-02-22T13:18:35.334828+00:00,,1,0,,,
51,,+6287811152506,ABANDONED,"[{""role"": ""bot"", ""content"": ""Selamat pagi,\n\nIzin saya Ali tim dari Asosiasi Artificial Intelligence Indonesia\n\nKami ingin mengundang Rektor untuk Audiensi Daring Zoom mendiskusikan potensi kolaborasi di Universitas Indonesia.\n\nSebelumnya undangan telah diterima juga oleh Universitas Indonesia, UNAIR, Universitas Pelita Harapan, Binus University dan 120 kampus lainnya\n\nBoleh dibantu no WA pihak yang tepat untuk kami hubungi? Jika ada kontak sekretaris rektor untuk diskusi lanjutan. Terima kasih \ud83d\ude4f\ud83c\udffb"", ""timestamp"": ""2026-02-22T13:52:02.398569+00:00""}]",,2026-02-22T13:52:02.398596+00:00,,0,2026-02-22T13:52:02.377840+00:00,,1,0,,,
52,,+6287811152506,ABANDONED,"[{""role"": ""bot"", ""content"": ""Selamat pagi,\n\nIzin saya Ali tim dari Asosiasi Artificial Intelligence Indonesia\n\nKami ingin mengundang Rektor untuk Audiensi Daring Zoom mendiskusikan potensi kolaborasi di Universitas Indonesia.\n\nSebelumnya undangan telah diterima juga oleh Universitas Indonesia, UNAIR, Universitas Pelita Harapan, Binus University dan 120 kampus lainnya\n\nBoleh dibantu no WA pihak yang tepat untuk kami hubungi? Jika ada kontak sekretaris rektor untuk diskusi lanjutan. Terima kasih \ud83d\ude4f\ud83c\udffb"", ""timestamp"": ""2026-02-22T13:55:18.950580+00:00""}]",,2026-02-22T13:55:18.950607+00:00,,0,2026-02-22T13:55:18.930024+00:00,,1,0,,,
53,,+6287811152506,ABANDONED,"[{""role"": ""bot"", ""content"": ""Selamat pagi,\n\nIzin saya Ali tim dari Asosiasi Artificial Intelligence Indonesia\n\nKami ingin mengundang Rektor untuk Audiensi Daring Zoom mendiskusikan potensi kolaborasi di Universitas Indonesia.\n\nSebelumnya undangan telah diterima juga oleh Universitas Indonesia, UNAIR, Universitas Pelita Harapan, Binus University dan 120 kampus lainnya\n\nBoleh dibantu no WA pihak yang tepat untuk kami hubungi? Jika ada kontak sekretaris rektor untuk diskusi lanjutan. Terima kasih \ud83d\ude4f\ud83c\udffb"", ""timestamp"": ""2026-02-22T14:19:19.645996+00:00""}, {""role"": ""contact"", ""content"": ""dari mana yah"", ""timestamp"": ""2026-02-22T14:19:49.463232+00:00""}, {""role"": ""bot"", ""content"": ""Perkenalkan, saya Ali dari Asosiasi Artificial Intelligence Indonesia, Bu.  \n\nNomor Ibu saya dapat dari media sosial kampus. Mohon maaf sebelumnya kalau tiba-tiba, kami ingin mengundang Universitas Indonesia untuk audiensi daring soal kolaborasi AI \ud83d\ude4f\ud83c\udffb"", ""timestamp"": ""2026-02-22T14:19:52.895597+00:00""}, {""role"": ""contact"", ""content"": ""oh kirim ke sini aja undangannya yah"", ""timestamp"": ""2026-02-22T14:20:14.876227+00:00""}, {""role"": ""bot"", ""content"": ""Terima kasih, Bu. Surat undangan resmi sudah saya kirim ke sini ya \ud83d\ude4f\ud83c\udffb  \nMohon dicek, semoga bisa diterima dengan baik."", ""timestamp"": ""2026-02-22T14:20:27.016600+00:00""}]",,2026-02-22T14:20:27.016651+00:00,,2,2026-02-22T14:19:19.621771+00:00,"Tools used: generate_and_send_invitation. Action: need_more.",1,0,,,resp_096f76080020b06700699b10a9f088819db9aa8ca256f4110d
54,,+6287811152506,ABANDONED,"[{""role"": ""bot"", ""content"": ""Selamat pagi,\n\nIzin saya Ali tim dari Asosiasi Artificial Intelligence Indonesia\n\nKami ingin mengundang Rektor untuk Audiensi Daring Zoom mendiskusikan potensi kolaborasi di Universitas Indonesia.\n\nSebelumnya undangan telah diterima juga oleh Universitas Indonesia, UNAIR, Universitas Pelita Harapan, Binus University dan 120 kampus lainnya\n\nBoleh dibantu no WA pihak yang tepat untuk kami hubungi? Jika ada kontak sekretaris rektor untuk diskusi lanjutan. Terima kasih \ud83d\ude4f\ud83c\udffb"", ""timestamp"": ""2026-02-22T18:02:00.336617+00:00""}, {""role"": ""contact"", ""content"": ""dari asosiasi apa ini"", ""timestamp"": ""2026-02-22T18:02:35.840362+00:00""}, {""role"": ""bot"", ""content"": ""Saya dari Asosiasi Artificial Intelligence Indonesia, Pak/Bu.  \nKami rutin berdiskusi dengan kampus terkait pengembangan AI di pendidikan dan riset."", ""timestamp"": ""2026-02-22T18:02:39.130953+00:00""}, {""role"": ""contact"", ""content"": ""owh ok, kirim ke saya aja undangannya"", ""timestamp"": ""2026-02-22T18:03:17.929725+00:00""}, {""role"": ""bot"", ""content"": ""Baik Pak/Bu, surat undangan audiensi sudah kami kirimkan ke Anda ya. Mohon dicek pada pesan WhatsApp, dan silakan beri kabar jika sudah diterima \ud83d\ude4f\ud83c\udffb"", ""timestamp"": ""2026-02-22T18:03:31.140922+00:00""}]",,2026-02-22T18:03:31.140964+00:00,,2,2026-02-22T18:02:00.315306+00:00,"Tools used: generate_and_send_invitation. Action: need_more.",1,0,,,resp_037cc9f830ed4ae000699b44f1b12c8196b4eb6ca0abe93a44
55,,+6287811152506,GOT_NUMBER,"[{""role"": ""bot"", ""content"": ""Selamat pagi,\n\nIzin saya Ali tim dari Asosiasi Artificial Intelligence Indonesia\n\nKami ingin mengundang Rektor untuk Audiensi Daring Zoom mendiskusikan potensi kolaborasi di Universitas Indonesia.\n\nSebelumnya undangan telah diterima juga oleh Universitas Indonesia, UNAIR, Universitas Pelita Harapan, Binus University dan 120 kampus lainnya\n\nBoleh dibantu no WA pihak yang tepat untuk kami hubungi? Jika ada kontak sekretaris rektor untuk diskusi lanjutan. Terima kasih \ud83d\ude4f\ud83c\udffb"", ""timestamp"": ""2026-02-22T18:18:59.840416+00:00""}, {""role"": ""contact"", ""content"": ""Halo, ini asosiasi apa yah"", ""timestamp"": ""2026-02-22T18:19:35.154733+00:00""}, {""role"": ""bot"", ""content"": ""Halo Ibu \ud83d\ude4f\ud83c\udffb  \nKami dari Asosiasi Artificial Intelligence Indonesia, organisasi yang fokus mendorong pemanfaatan AI di pendidikan tinggi dan riset.  \n\nBoleh saya tahu, Ibu dari bagian apa di kampus? Supaya saya bisa jelaskan konteks undangannya lebih pas."", ""timestamp"": ""2026-02-22T18:19:38.571722+00:00""}, {""role"": ""contact"", ""content"": ""owh, perlu nomor siapa?"", ""timestamp"": ""2026-02-22T18:20:26.459807+00:00""}, {""role"": ""bot"", ""content"": ""Kalau bisa nomor sekretariat rektor atau bagian humas/kerjasama ya Bu, biar kami bisa kirim surat resmi undangannya langsung ke sana."", ""timestamp"": ""2026-02-22T18:20:28.425346+00:00""}, {""role"": ""contact"", ""content"": ""[Shared Contact] Jiwi Asistant: +6285121084588\nok bisa hubungi ini yah"", ""timestamp"": ""2026-02-22T18:20:56.473646+00:00""}, {""role"": ""bot"", ""content"": ""Terima kasih banyak Ibu \ud83d\ude4f\ud83c\udffb  \nIni nomor Ibu Jiwi ya, betul? Beliau di bagian apa ya Bu, kalau boleh tahu?"", ""timestamp"": ""2026-02-22T18:20:58.351993+00:00""}, {""role"": ""contact"", ""content"": ""ini nomornya bu jiwi betull, beliau sekretaris rektor"", ""timestamp"": ""2026-02-22T18:21:31.470386+00:00""}, {""role"": ""bot"", ""content"": ""Terima kasih banyak, Bu \ud83d\ude4f\ud83c\udffb  \nNanti kami akan hubungi Bu Jiwi untuk koordinasi lanjutan terkait undangan audiensi."", ""timestamp"": ""2026-02-22T18:21:36.608496+00:00""}]",+6285121084588,2026-02-22T18:21:36.608530+00:00,,3,2026-02-22T18:18:59.817105+00:00,"Tools used: validate_phone_number, save_extracted_number. Action: got_number.",1,0,"Bu Jiwi","Sekretaris Rektor",resp_0378eeff2419e1a700699b4930136c8196a16817ed63563d15
