id,chatbot_type,title,content,is_active,created_at,updated_at,situation_tags,trigger_keywords
1,agent,Undangan_Audiensi_UIN_Ar-Raniry,"Nomor	: 002/AAI/AUD/II/2026		               {{Tanggal}}  
Lampiran	:	3
Kepada Yth.,
Bapak/Ibu {{nama}}
Di Tempat
Perihal: Pemaparan Hasil Survey dan Riset AI Nasional Dengan hormat,
Perkenankan kami, Asosiasi Artificial Intelligence Indonesia (https://asosiasi.ai/), bersama dengan Pusat Riset AI Indonesia, menyampaikan salam hormat serta penghargaan setinggi-tingginya atas komitmen Bapak/Ibu dalam memajukan pendidikan tinggi di Indonesia terutama untuk {{Universitas}}.
Sejalan dengan misi bersama untuk menjembatani kebutuhan industri, dunia akademik, serta memperkuat ekosistem riset dan pendidikan berbasis AI di Indonesia, kami telah menuntaskan Survei Nasional Dampak AI yang melibatkan perusahaan, lembaga pemerintah, dosen, dan mahasiswa dari berbagai wilayah di Indonesia.
Hasilnya menyoroti:
Lonjakan permintaan kompetensi AI di industri manufaktur, layanan keuangan, kesehatan, dan sektor publik;
Kesenjangan signifikan antara kurikulum perguruan tinggi dan kebutuhan keterampilan praktis;
Antusiasme tinggi mahasiswa terhadap mata kuliah terapan berbasis AI, namun keterbatasan fasilitas dan pendampingan dosen;
Peluang kolaborasi riset terapan AI yang berpotensi mendatangkan hibah dan peningkatan reputasi akademik.
Menyadari urgensi temuan tersebut, kami memohon kesempatan untuk melakukan audiensi daring (Zoom) guna memaparkan hasil survei secara menyeluruh, mendiskusikan implikasinya bagi kampus, serta merumuskan langkah-langkah kolaboratif yang selaras dengan kebijakan program Diktisaintek Berdampak. Paparan audiensi ini akan disampaikan sebagai bentuk kolaborasi antara Asosiasi AI Indonesia dan Pusat Riset AI Indonesia.
Waktu audiensi bersifat fleksibel, sesuai dengan ketersediaan Bapak/Ibu. Presentasi diperkirakan berdurasi 40 menit dan dilanjutkan sesi tanya jawab selama 20 menit. Tautan Zoom dan materi ringkas akan kami kirimkan segera setelah konfirmasi diterima.
Untuk memperkaya diskusi dan menajamkan tindak lanjut pasca-audiensi, kami sangat berharap audiensi ini dapat dihadiri oleh:
Dekan Fakultas 
Wakil Dekan 
Ketua Program Studi terkait
Partisipasi langsung dari jajaran pimpinan tersebut akan:
Memberi arahan strategis bagi fakultas dan program studi dalam merespons disrupsi AI;
Membuka akses kolaborasi nasional dengan jaringan Asosiasi Pengguna AI Indonesia;
Mempercepat peningkatan kompetensi lulusan sehingga lebih siap memasuki dunia kerja yang kian terdigitalisasi.
Demikian surat permohonan ini kami sampaikan. Besar harapan kami Bapak/Ibu {{nama}}  berkenan meluangkan waktu. Konfirmasi kehadiran dapat disampaikan melalui:
Sekretariat Asosiasi AI Indonesia 0811-1913-553
Email: sekretariat@asosiasi.ai
Narahubung: Tara
Atas perhatian dan kerja sama Bapak/Ibu, kami ucapkan terima kasih.
Hormat kami,
Dian Martin Sudiana
Ketua Umum Asosiasi Artificial Intelligence Indonesia
Lampiran 1
World Economic Forum
Skills on the rise, 2025-2030
Komdigi, 26 Agustus 2024
MEMBANGUN EKOSISTEM AI DI INDONESIA UNTUK 2030, POTENSI DAN TANTANGAN
Lampiran 2
Kompas.com 01/01/2025
2025, Pekerjaan dengan Skill AI Makin Diburu
Kompasiana 6 Mei 2024
Pemanfaatan AI (Artificial Intelligence) Sebagai Salah Satu Upaya Mewujudkan Generasi Emas Menuju Indonesia Emas 2045
Lampiran 3
Dokumentasi Team Asosiasi Kegiatan Pelatihan AI dengan Kementerian",1,2026-02-21T02:38:41.946532+00:00,2026-02-21T02:38:41.946532+00:00,"",""
2,audiensi,Undangan_Audiensi_UIN_Ar-Raniry,"Nomor	: 002/AAI/AUD/II/2026		               {{Tanggal}}  
Lampiran	:	3
Kepada Yth.,
Bapak/Ibu {{nama}}
Di Tempat
Perihal: Pemaparan Hasil Survey dan Riset AI Nasional Dengan hormat,
Perkenankan kami, Asosiasi Artificial Intelligence Indonesia (https://asosiasi.ai/), bersama dengan Pusat Riset AI Indonesia, menyampaikan salam hormat serta penghargaan setinggi-tingginya atas komitmen Bapak/Ibu dalam memajukan pendidikan tinggi di Indonesia terutama untuk {{Universitas}}.
Sejalan dengan misi bersama untuk menjembatani kebutuhan industri, dunia akademik, serta memperkuat ekosistem riset dan pendidikan berbasis AI di Indonesia, kami telah menuntaskan Survei Nasional Dampak AI yang melibatkan perusahaan, lembaga pemerintah, dosen, dan mahasiswa dari berbagai wilayah di Indonesia.
Hasilnya menyoroti:
Lonjakan permintaan kompetensi AI di industri manufaktur, layanan keuangan, kesehatan, dan sektor publik;
Kesenjangan signifikan antara kurikulum perguruan tinggi dan kebutuhan keterampilan praktis;
Antusiasme tinggi mahasiswa terhadap mata kuliah terapan berbasis AI, namun keterbatasan fasilitas dan pendampingan dosen;
Peluang kolaborasi riset terapan AI yang berpotensi mendatangkan hibah dan peningkatan reputasi akademik.
Menyadari urgensi temuan tersebut, kami memohon kesempatan untuk melakukan audiensi daring (Zoom) guna memaparkan hasil survei secara menyeluruh, mendiskusikan implikasinya bagi kampus, serta merumuskan langkah-langkah kolaboratif yang selaras dengan kebijakan program Diktisaintek Berdampak. Paparan audiensi ini akan disampaikan sebagai bentuk kolaborasi antara Asosiasi AI Indonesia dan Pusat Riset AI Indonesia.
Waktu audiensi bersifat fleksibel, sesuai dengan ketersediaan Bapak/Ibu. Presentasi diperkirakan berdurasi 40 menit dan dilanjutkan sesi tanya jawab selama 20 menit. Tautan Zoom dan materi ringkas akan kami kirimkan segera setelah konfirmasi diterima.
Untuk memperkaya diskusi dan menajamkan tindak lanjut pasca-audiensi, kami sangat berharap audiensi ini dapat dihadiri oleh:
Dekan Fakultas 
Wakil Dekan 
Ketua Program Studi terkait
Partisipasi langsung dari jajaran pimpinan tersebut akan:
Memberi arahan strategis bagi fakultas dan program studi dalam merespons disrupsi AI;
Membuka akses kolaborasi nasional dengan jaringan Asosiasi Pengguna AI Indonesia;
Mempercepat peningkatan kompetensi lulusan sehingga lebih siap memasuki dunia kerja yang kian terdigitalisasi.
Demikian surat permohonan ini kami sampaikan. Besar harapan kami Bapak/Ibu {{nama}}  berkenan meluangkan waktu. Konfirmasi kehadiran dapat disampaikan melalui:
Sekretariat Asosiasi AI Indonesia 0811-1913-553
Email: sekretariat@asosiasi.ai
Narahubung: Tara
Atas perhatian dan kerja sama Bapak/Ibu, kami ucapkan terima kasih.
Hormat kami,
Dian Martin Sudiana
Ketua Umum Asosiasi Artificial Intelligence Indonesia
Lampiran 1
World Economic Forum
Skills on the rise, 2025-2030
Komdigi, 26 Agustus 2024
MEMBANGUN EKOSISTEM AI DI INDONESIA UNTUK 2030, POTENSI DAN TANTANGAN
Lampiran 2
Kompas.com 01/01/2025
2025, Pekerjaan dengan Skill AI Makin Diburu
Kompasiana 6 Mei 2024
Pemanfaatan AI (Artificial Intelligence) Sebagai Salah Satu Upaya Mewujudkan Generasi Emas Menuju Indonesia Emas 2045
Lampiran 3
Dokumentasi Team Asosiasi Kegiatan Pelatihan AI dengan Kementerian",1,2026-02-21T02:39:25.907278+00:00,2026-02-21T02:39:25.907278+00:00,"",""
3,agent,"Frasa yang dilarang","FRASA YANG DILARANG (jangan pernah pakai):
- ""Selamat beraktivitas!""
- ""Jika ada pertanyaan lebih lanjut, silakan tanyakan!""
- ""Jangan ragu untuk menghubungi saya""
- ""Saya sudah catat nomor kontaknya""
- ""Saya sangat menghargai bantuan Bapak/Ibu""
- ""Terima kasih atas tanggapannya""
- ""Terima kasih atas informasinya""
- ""Semoga berjalan lancar dan bermanfaat""
- ""Saya sudah menyimpan nomor...""
- ""Boleh bantu?"" / ""Ada yang bisa saya bantu?""
- ""cuma mau tanya aja"" (terdengar meremehkan)
- ""Maaf ya"" (terlalu santai — pakai ""Mohon maaf"")
- ""Tentu, silakan..."" / ""Silakan berikan..."" (terlalu formal, kayak CS)
- ""Terima kasih banyak atas bantuannya!"" (pola CS, terlalu template)
- Kalimat-kalimat customer service / auto-reply",1,2026-02-21T04:35:29.630666+00:00,2026-02-21T04:35:29.630666+00:00,tone_umum,""
4,agent,"Contoh: ditanya siapa/dari mana","Kontak tanya ""siapa? dapat nomor dari mana?"" → ""Perkenalkan, saya Ali dari Asosiasi AI Indonesia. Nomor Bapak/Ibu saya dapat dari media sosial kampus. Mohon maaf sebelumnya kalau tiba-tiba, kami ingin mengundang [NAMA KAMPUS] untuk audiensi daring soal kolaborasi AI 🙏🏻""",1,2026-02-21T04:35:29.638905+00:00,2026-02-21T06:36:16.029963+00:00,siapa_dari_mana,"siapa, dari mana, dapat nomor, kenal, ini siapa, tau nomor, dapet nomor"
5,agent,"Contoh: kontak mau kasih nomor","Kontak mau kasih nomor asisten/sekretariat → ""Owh baik, boleh nomor sekretarisnya, terima kasih""

Kontak kasih nomor → ""Terima kasih banyak ya! Nanti kami hubungi langsung 👍""",1,2026-02-21T04:35:29.646992+00:00,2026-02-21T06:36:16.037282+00:00,mau_kasih_nomor,"nomor, kontak, hubungi, nomornya, nomor hp, nomor wa, bisa dihubungi, coba hubungi"
6,agent,"Contoh: ditanya untuk apa","Kontak tanya ""untuk apa?"" → ""Audiensinya mengenai kolaborasi AI di kampus, sudah 120+ kampus yang mengikuti ini. Apakah berkenan jika saya meminta kontak yang bisa saya hubungi terkait hal ini?""",1,2026-02-21T04:35:29.654199+00:00,2026-02-21T06:36:16.044182+00:00,untuk_apa,"untuk apa, buat apa, maksudnya, tujuan, ngapain, keperluan, perihal"
7,agent,"Contoh: pesan pembuka","Tips pesan pembuka:
- Sapa singkat, perkenalan 1 kalimat.
- Sebutkan nama kampus spesifik (dari lookup_university_info).
- Langsung sampaikan tujuan: mengundang audiensi daring Zoom soal kolaborasi AI.
- Sebut bahwa 120+ kampus sudah ikut.
- Minta nomor sekretariat/humas/kerjasama.
- Maksimal 3-4 kalimat, natural.",1,2026-02-21T04:35:29.661528+00:00,2026-02-21T06:36:16.052943+00:00,pembuka,"pembuka, salam, perkenalan"
8,agent,"Contoh: follow-up","Tips follow-up:
- Pendek: 1-2 kalimat saja.
- Jangan ulangi seluruh perkenalan.
- Cukup ingatkan bahwa sudah pernah hubungi sebelumnya.
- Tanyakan kembali soal nomor sekretariat/humas.
- Tetap sopan, jangan terkesan mendesak.",1,2026-02-21T04:35:29.668248+00:00,2026-02-21T06:36:16.060404+00:00,followup,"followup, tindak lanjut, follow up"
9,agent,"Kolaborasi Seperti apa?","Jika ditanya Kolaborasi Seperti Apa? jawab -> Kolaborasi seperti pelatihan bagi mahasiswa dan sertifikasi BNSP agar mahasiswa lebih kompeten saat kuliah untuk penggunaan AI",1,2026-02-21T04:42:35.147341+00:00,2026-02-21T06:36:16.069121+00:00,kolaborasi_seperti_apa,"kolaborasi seperti apa, kolaborasi apa, kerjasama apa, bentuk kolaborasi, programnya apa, program apa, seperti apa, kayak gimana, gimana bentuknya, apa saja, apa aja, detailnya, lebih detail, lebih rinci, jelaskan"
