id,university_id,ig_handle,relation_type,source,confidence,posts_scraped,discovered_at
1,769,kemahasiswaan_uad,kemahasiswaan,serper_search,0.6,1,"2026-02-24 06:40:04"
2,770,alumni_dan_mahasiswa_uia,alumni,serper_search,0.65,1,"2026-02-24 06:40:17"
3,771,pmb_uma,pmb,serper_search,0.65,1,"2026-02-24 06:40:30"
4,771,antiguosalumnosuma,alumni,serper_search,0.65,1,"2026-02-24 06:40:30"
5,774,ui.dita,alumni,serper_search,0.6,1,"2026-02-24 06:41:07"
6,788,bem_stdiis,bem,serper_search,0.65,1,"2026-02-24 06:42:21"
8,789,ika_pnb,alumni,serper_search,0.65,1,"2026-02-24 06:42:33"
9,789,alumni_pnbjogja,alumni,serper_search,0.65,1,"2026-02-24 06:42:33"
12,791,bem.uki_toraja,bem,serper_search,0.65,1,"2026-02-24 06:42:58"
13,791,kemahasiswaanukitoraja,kemahasiswaan,serper_search,0.65,1,"2026-02-24 06:42:58"
14,791,kemahasiswaanukip,kemahasiswaan,serper_search,0.65,1,"2026-02-24 06:42:58"
15,791,ikafaked_uki,alumni,serper_search,0.65,1,"2026-02-24 06:42:58"
16,791,lppm_uki,lppm,serper_search,0.65,1,"2026-02-24 06:42:58"
21,794,pmb.umbk.bekasi,pmb,serper_search,0.7,1,"2026-02-24 06:43:34"
22,794,bem_umbk,bem,serper_search,0.65,1,"2026-02-24 06:43:34"
25,794,birohumas.umb,humas,serper_search,0.6,1,"2026-02-24 06:43:35"
26,795,bem.sim,bem,serper_search,0.65,1,"2026-02-24 06:43:45"
27,795,fasimakkah,alumni,serper_search,0.65,1,"2026-02-24 06:43:45"
30,796,bem.umj,bem,serper_search,0.95,1,"2026-02-24 06:43:57"
31,796,pmb.umj,pmb,serper_search,0.95,1,"2026-02-24 06:43:57"
32,796,pkkmb.bemumj,bem,serper_search,0.65,1,"2026-02-24 06:43:57"
33,796,kemahasiswaan.umjcampus,kemahasiswaan,serper_search,0.65,1,"2026-02-24 06:43:57"
34,796,kemahasiswaan.umj,kemahasiswaan,serper_search,0.65,1,"2026-02-24 06:43:57"
35,796,lppm_umj,lppm,serper_search,0.65,1,"2026-02-24 06:43:57"
42,802,bem_atb,bem,serper_search,0.65,1,"2026-02-24 06:44:44"
44,804,bem_sttpontianak,bem,serper_search,0.65,1,"2026-02-24 06:44:56"
45,804,noularotinsulu,alumni,serper_search,0.65,1,"2026-02-24 06:44:56"
48,806,lppm.univ_annuqayah,lppm,serper_search,0.6,1,"2026-02-24 06:45:20"
50,811,bem.upm,bem,serper_search,0.65,1,"2026-02-24 06:45:32"
51,811,humas_upm,humas,serper_search,0.65,1,"2026-02-24 06:45:32"
52,811,upmiac,alumni,serper_search,0.65,0,"2026-02-24 06:45:32"
53,811,pusatperhubunganalumniupm,alumni,serper_search,0.65,0,"2026-02-24 06:45:32"
57,812,bem.umt,bem,serper_search,0.65,0,"2026-02-24 06:45:43"
58,812,bem_umt,bem,serper_search,0.65,0,"2026-02-24 06:45:43"
59,812,bem_fkip_umt,bem,serper_search,0.65,0,"2026-02-24 06:45:43"
60,812,pusatalumniumt,alumni,serper_search,0.65,0,"2026-02-24 06:45:43"
61,812,persatuanalumniumt,alumni,serper_search,0.65,0,"2026-02-24 06:45:43"
62,812,alumni_metropolitan,alumni,serper_search,0.65,0,"2026-02-24 06:45:43"
63,812,lppm_umt,lppm,serper_search,0.65,0,"2026-02-24 06:45:43"
64,812,bemumt,bem,serper_search,0.725,0,"2026-02-24 06:45:44"
67,812,didimuhtadi25,humas,serper_search,0.65,0,"2026-02-24 06:45:44"
72,822,bem.ppm,bem,serper_search,0.65,0,"2026-02-24 06:46:34"
73,822,kemahasiswaanppm,kemahasiswaan,serper_search,0.65,0,"2026-02-24 06:46:34"
74,822,ika_ppm,alumni,serper_search,0.65,0,"2026-02-24 06:46:34"
75,822,lppm_telkomunivpwt,lppm,serper_search,0.65,0,"2026-02-24 06:46:34"
76,834,lppm_ici,lppm,serper_search,0.65,0,"2026-02-24 06:47:24"
77,849,bem.uim,bem,serper_search,0.65,0,"2026-02-24 10:40:43"
78,849,bem_uim,bem,serper_search,0.65,0,"2026-02-24 10:40:43"
79,849,bem_uim_pamekasan,bem,serper_search,0.65,0,"2026-02-24 10:40:43"
80,855,alumnippb10,alumni,serper_search,0.65,0,"2026-02-24 10:41:39"
81,876,bem_sttkao,bem,serper_search,0.65,0,"2026-02-24 10:43:49"
82,876,bem_stt_tawangmangu,bem,serper_search,0.65,0,"2026-02-24 10:43:49"
83,876,bem_waska,bem,serper_search,0.65,0,"2026-02-24 10:43:49"
84,876,humas.sttwarga,humas,serper_search,0.65,0,"2026-02-24 10:43:49"
85,876,pmb.sttw,pmb,serper_search,0.65,0,"2026-02-24 10:43:49"
86,876,kemasttnf,kemahasiswaan,serper_search,0.65,0,"2026-02-24 10:43:49"
87,876,kemahasiswaansttgks,kemahasiswaan,serper_search,0.65,0,"2026-02-24 10:43:49"
88,876,kemahasiswaan.sttmigas,kemahasiswaan,serper_search,0.65,0,"2026-02-24 10:43:49"
89,876,stttelkom95,alumni,serper_search,0.65,0,"2026-02-24 10:43:49"
90,876,lppmnf,lppm,serper_search,0.65,0,"2026-02-24 10:43:49"
91,876,lppm_sttbi,lppm,serper_search,0.65,0,"2026-02-24 10:43:49"
92,883,bem_umbanten,bem,serper_search,0.65,0,"2026-02-24 10:44:15"
93,883,bem_umb_smart,bem,serper_search,0.65,0,"2026-02-24 10:44:15"
94,883,bemumberau,bem,serper_search,0.65,0,"2026-02-24 10:44:15"
95,883,humas.umb,humas,serper_search,0.65,0,"2026-02-24 10:44:15"
96,883,birohumas.umb,humas,serper_search,0.65,0,"2026-02-24 10:44:15"
97,883,reels,humas,serper_search,0.65,0,"2026-02-24 10:44:15"
98,883,pmb_umbengkulu,pmb,serper_search,0.65,0,"2026-02-24 10:44:15"
99,883,kemahasiswaan_umb,kemahasiswaan,serper_search,0.65,0,"2026-02-24 10:44:15"
100,883,kariralumni.umb,alumni,serper_search,0.65,0,"2026-02-24 10:44:15"
101,883,lppm.umb,lppm,serper_search,0.65,0,"2026-02-24 10:44:15"
102,896,bem_sttpontianak,bem,serper_search,0.65,0,"2026-02-24 10:45:30"
103,902,ikaubk,alumni,serper_search,0.95,0,"2026-02-24 10:46:22"
104,902,pemirabemfeb.ubk,bem,serper_search,0.65,0,"2026-02-24 10:46:22"
105,1703,kaspb_fc,alumni,serper_search,0.65,0,"2026-02-25 02:40:20"
106,1710,alumniuiii,alumni,serper_search,0.65,0,"2026-02-25 02:41:19"
107,1710,kemahasiswaanuii,kemahasiswaan,serper_search,0.6,0,"2026-02-25 02:41:19"
108,1715,bem_sanggabuana,bem,serper_search,0.65,0,"2026-02-25 02:41:54"
109,1715,bem_usb_surakarta,bem,serper_search,0.65,0,"2026-02-25 02:41:54"
110,1715,bem.usb.tuban,bem,serper_search,0.65,0,"2026-02-25 02:41:54"
111,1715,birokemahasiswaanusb,kemahasiswaan,serper_search,0.65,0,"2026-02-25 02:41:54"
112,1715,lppm_usb_ypkp,lppm,serper_search,0.65,0,"2026-02-25 02:41:54"
113,1721,bem_akupunktursurabaya,bem,serper_search,0.95,0,"2026-02-25 02:42:32"
114,1721,aasic.id,alumni,serper_search,0.65,0,"2026-02-25 02:42:32"
115,1724,bemunm_,bem,serper_search,0.65,0,"2026-02-25 02:42:45"
116,1724,lk3bemunm,bem,serper_search,0.65,0,"2026-02-25 02:42:45"
117,1724,burhanuddin_humasunm,humas,serper_search,0.65,0,"2026-02-25 02:42:45"
118,1724,ika_unm,alumni,serper_search,0.65,0,"2026-02-25 02:42:45"
119,1724,lp2m_unm,lppm,serper_search,0.65,0,"2026-02-25 02:42:45"
120,1724,kemahasiswaan.nusamandiri,kemahasiswaan,serper_search,0.6,0,"2026-02-25 02:42:45"
121,1745,bemumm,bem,serper_search,0.65,0,"2026-02-25 02:43:58"
122,1745,pmb_umm,pmb,serper_search,0.65,0,"2026-02-25 02:43:58"
123,1745,kemahasiswaan_umm,kemahasiswaan,serper_search,0.65,0,"2026-02-25 02:43:58"
124,1745,lppmumm,lppm,serper_search,0.65,0,"2026-02-25 02:43:58"
125,1758,bemumm,bem,serper_search,0.65,0,"2026-02-25 02:44:38"
126,1758,pmb_umm,pmb,serper_search,0.65,0,"2026-02-25 02:44:38"
127,1758,kemahasiswaan_umm,kemahasiswaan,serper_search,0.65,0,"2026-02-25 02:44:38"
128,1758,lppmumm,lppm,serper_search,0.65,0,"2026-02-25 02:44:38"
129,1773,bem.ugm,bem,serper_search,0.65,0,"2026-02-25 02:45:14"
130,1773,humasugm,humas,serper_search,0.65,0,"2026-02-25 02:45:14"
131,1773,ditmawaugm,kemahasiswaan,serper_search,0.65,0,"2026-02-25 02:45:14"
132,1773,ugmalumni,alumni,serper_search,0.65,0,"2026-02-25 02:45:14"
133,1773,redalumni.ugm,alumni,serper_search,0.65,0,"2026-02-25 02:45:14"
134,1777,lppmutssurabaya,lppm,serper_search,0.95,0,"2026-02-25 02:45:26"
135,1777,bemutsofficial,bem,serper_search,0.65,0,"2026-02-25 02:45:26"
136,1777,bemuts_hijau,bem,serper_search,0.65,0,"2026-02-25 02:45:26"
137,1777,kemahasiswaan.uts,kemahasiswaan,serper_search,0.65,0,"2026-02-25 02:45:26"
138,1777,utsalumni,alumni,serper_search,0.65,0,"2026-02-25 02:45:26"
139,1781,alumni.pss,alumni,serper_search,0.65,0,"2026-02-25 02:45:51"
140,1783,usialumni,alumni,serper_search,0.65,0,"2026-02-25 02:46:07"
141,1895,bem_ung,bem,serper_search,0.95,0,"2026-02-25 04:00:21"
142,1895,bem.ung,bem,serper_search,0.65,0,"2026-02-25 04:00:21"
143,1895,bima.ung,kemahasiswaan,serper_search,0.65,0,"2026-02-25 04:00:21"
144,1895,info.lppm.ung,lppm,serper_search,0.65,0,"2026-02-25 04:00:21"
145,1918,bem_iais_lumajang,bem,serper_search,0.65,0,"2026-02-25 04:01:09"
146,1918,humas_iais,humas,serper_search,0.65,0,"2026-02-25 04:01:09"
147,1918,pmb.iais,pmb,serper_search,0.65,0,"2026-02-25 04:01:09"
148,1926,bem.steisalarsyadi,bem,serper_search,0.65,0,"2026-02-25 04:01:33"
149,1932,bemuaialimentos,bem,serper_search,0.65,0,"2026-02-25 04:01:44"
150,1932,kemahasiswaan.uai,kemahasiswaan,serper_search,0.65,0,"2026-02-25 04:01:44"
151,1932,pemberdayaanalumni.uai,alumni,serper_search,0.65,0,"2026-02-25 04:01:44"
152,1932,lppm.uai,lppm,serper_search,0.65,0,"2026-02-25 04:01:44"
153,1949,bem.uajpr,bem,serper_search,0.65,0,"2026-02-25 04:02:33"
154,1949,perluni.uaj,alumni,serper_search,0.65,0,"2026-02-25 04:02:33"
155,1949,lppmuaj,lppm,serper_search,0.65,0,"2026-02-25 04:02:33"
156,1956,bem_plb,bem,serper_search,0.875,0,"2026-02-25 04:03:08"
157,1956,prodi_humas_plb,humas,serper_search,0.875,0,"2026-02-25 04:03:08"
158,2136,kemahasiswaan_unp,kemahasiswaan,serper_search,0.65,0,"2026-02-25 06:40:17"
159,2136,iluni_unp,alumni,serper_search,0.65,0,"2026-02-25 06:40:17"
160,2136,lp2m_unp,lppm,serper_search,0.65,0,"2026-02-25 06:40:17"
161,2169,ika_ubb,alumni,serper_search,0.65,0,"2026-02-25 06:42:09"
162,2169,alumni_ubb,alumni,serper_search,0.65,0,"2026-02-25 06:42:09"
163,2169,lppmubbofficial,lppm,serper_search,0.65,0,"2026-02-25 06:42:09"
164,2191,bemuns,bem,serper_search,0.65,0,"2026-02-25 06:43:10"
165,2191,kemahasiswaan_uns,kemahasiswaan,serper_search,0.65,0,"2026-02-25 06:43:10"
166,2191,alumni_uns,alumni,serper_search,0.65,0,"2026-02-25 06:43:10"
167,2191,alumniuns,alumni,serper_search,0.65,0,"2026-02-25 06:43:10"
168,2191,dakm.uns,alumni,serper_search,0.65,0,"2026-02-25 06:43:10"
169,2191,keluargaalumnifkuns,alumni,serper_search,0.65,0,"2026-02-25 06:43:10"
170,2191,alumni.uns,alumni,serper_search,0.65,0,"2026-02-25 06:43:10"
171,2191,lppm.uns,lppm,serper_search,0.65,0,"2026-02-25 06:43:10"
172,2191,psdlppmuns,lppm,serper_search,0.65,0,"2026-02-25 06:43:10"
173,2200,bem_stie_kramat,bem,serper_search,0.6,0,"2026-02-25 06:43:59"
174,2222,kemahasiswaanutu,kemahasiswaan,serper_search,0.65,0,"2026-02-25 06:44:59"
175,2222,kemahasiswaan_utu,kemahasiswaan,serper_search,0.65,0,"2026-02-25 06:44:59"
176,2222,lppm_utu,lppm,serper_search,0.65,0,"2026-02-25 06:44:59"
177,2227,bem.ubn,bem,serper_search,0.65,0,"2026-02-25 06:45:12"
178,2227,bem.ubn_,bem,serper_search,0.65,0,"2026-02-25 06:45:12"
179,2228,kemahasiswaan_pnp,kemahasiswaan,serper_search,0.95,0,"2026-02-25 06:45:24"
180,2228,ikatanalumni_pnp,alumni,serper_search,0.95,0,"2026-02-25 06:45:24"
181,2228,academic.pnp,kemahasiswaan,serper_search,0.65,0,"2026-02-25 06:45:24"
182,2234,bem_umbp2_pakam,bem,serper_search,0.65,0,"2026-02-25 06:46:03"
183,2234,lppm.umb,lppm,serper_search,0.6,0,"2026-02-25 06:46:03"
190,1003,bemumm,bem,serper_search,0.65,0,"2026-02-25 07:49:39"
191,1003,pmb_umm,pmb,serper_search,0.65,0,"2026-02-25 07:49:39"
192,1003,kemahasiswaan_umm,kemahasiswaan,serper_search,0.65,0,"2026-02-25 07:49:39"
193,1003,kemahasiswaanumm,kemahasiswaan,serper_search,0.65,0,"2026-02-25 07:49:39"
194,1003,lppmumm,lppm,serper_search,0.65,0,"2026-02-25 07:49:39"
198,1745,kemahasiswaanumm,kemahasiswaan,serper_search,0.65,0,"2026-02-25 07:49:58"
200,1928,pmb_ump,pmb,serper_search,0.875,0,"2026-02-25 07:50:11"
201,1928,kemahasiswaan_ump,kemahasiswaan,serper_search,0.65,0,"2026-02-25 07:50:11"
202,1928,lppmump,lppm,serper_search,0.65,0,"2026-02-25 07:50:11"
203,2816,bem.uay,bem,serper_search,0.65,0,"2026-02-25 07:50:50"
204,2960,bem.ums,bem,serper_search,0.65,0,"2026-02-25 07:51:02"
205,2960,kemahasiswaan.ums,kemahasiswaan,serper_search,0.65,0,"2026-02-25 07:51:02"
206,2960,paumsofficial,alumni,serper_search,0.65,0,"2026-02-25 07:51:02"
207,2960,lppmums,lppm,serper_search,0.65,0,"2026-02-25 07:51:02"
208,3976,bemumm,bem,serper_search,0.65,0,"2026-02-25 07:51:14"
209,3976,pmb_umm,pmb,serper_search,0.65,0,"2026-02-25 07:51:14"
210,3976,kemahasiswaan_umm,kemahasiswaan,serper_search,0.65,0,"2026-02-25 07:51:14"
211,3976,umm.alumni,alumni,serper_search,0.65,0,"2026-02-25 07:51:14"
212,3976,lppmumm,lppm,serper_search,0.65,0,"2026-02-25 07:51:14"
213,4334,bemfai.umpwt,bem,serper_search,0.65,0,"2026-02-25 07:51:26"
214,4334,pmb_ump,pmb,serper_search,0.65,0,"2026-02-25 07:51:26"
215,4334,kemahasiswaan_ump,kemahasiswaan,serper_search,0.65,0,"2026-02-25 07:51:26"
216,4334,cdc_umpurwokerto,alumni,serper_search,0.65,0,"2026-02-25 07:51:26"
217,4334,lppmump,lppm,serper_search,0.65,0,"2026-02-25 07:51:26"
218,4377,alumniukmofficial,alumni,serper_search,0.65,0,"2026-02-25 07:51:38"
219,4377,nadialumniukm,alumni,serper_search,0.65,0,"2026-02-25 07:51:38"
220,4514,bem.ubmg_official,bem,serper_search,0.65,0,"2026-02-25 07:51:50"
221,4514,ubm_kemahasiswaan,kemahasiswaan,serper_search,0.65,0,"2026-02-25 07:51:50"
222,4957,bem_ubl,bem,serper_search,0.95,0,"2026-02-25 07:52:03"
223,4957,kemahasiswaan_budiluhur,kemahasiswaan,serper_search,0.95,0,"2026-02-25 07:52:03"
224,4957,himanika_nawasanga,alumni,serper_search,0.65,0,"2026-02-25 07:52:03"
225,4957,kemahasiswaan_ubl,kemahasiswaan,serper_search,0.65,0,"2026-02-25 07:52:03"
226,4957,lppmubl,lppm,serper_search,0.65,0,"2026-02-25 07:52:03"
227,4957,alumnibudiluhur,alumni,serper_search,0.6,0,"2026-02-25 07:52:03"
228,5361,bemuds_jember,bem,serper_search,0.65,0,"2026-02-25 07:52:15"
229,5361,pmb_uds,pmb,serper_search,0.65,0,"2026-02-25 07:52:15"
230,5361,kemahasiswaan_uds,kemahasiswaan,serper_search,0.65,0,"2026-02-25 07:52:15"
231,6303,ucs.alumni,alumni,serper_search,0.65,0,"2026-02-25 07:52:41"
232,6863,bem.ums,bem,serper_search,0.65,0,"2026-02-25 07:52:53"
233,6863,bemumsjember,bem,serper_search,0.65,0,"2026-02-25 07:52:53"
234,6863,kemahasiswaan.ums,kemahasiswaan,serper_search,0.65,0,"2026-02-25 07:52:53"
235,6863,paumsofficial,alumni,serper_search,0.65,0,"2026-02-25 07:52:53"
236,6863,lppmums,lppm,serper_search,0.65,0,"2026-02-25 07:52:53"
237,2522,bem_stfsp,bem,serper_search,0.95,0,"2026-02-25 10:40:05"
238,2528,alumni_uam,alumni,serper_search,0.65,0,"2026-02-25 10:40:17"
239,2528,bemuniversitasanwarmedika,bem,serper_search,0.6,0,"2026-02-25 10:40:17"
240,2540,bemupb,bem,serper_search,0.95,0,"2026-02-25 10:40:41"
241,2540,alumniupb,alumni,serper_search,0.65,0,"2026-02-25 10:40:41"
242,2552,bem_stikesppurworejo,bem,serper_search,0.65,0,"2026-02-25 10:41:17"
243,2552,koral_supmpontianak,alumni,serper_search,0.65,0,"2026-02-25 10:41:17"
244,2564,bem.smb,bem,serper_search,0.725,0,"2026-02-25 10:41:44"
245,2564,alumnismlb,alumni,serper_search,0.65,0,"2026-02-25 10:41:44"
246,2564,lppm.smb,lppm,serper_search,0.65,0,"2026-02-25 10:41:44"
247,2585,bemutsofficial,bem,serper_search,0.65,0,"2026-02-25 10:42:47"
248,2585,bemuts_hijau,bem,serper_search,0.65,0,"2026-02-25 10:42:47"
249,2585,kemahasiswaan.uts,kemahasiswaan,serper_search,0.65,0,"2026-02-25 10:42:47"
250,2585,utsalumni,alumni,serper_search,0.65,0,"2026-02-25 10:42:47"
251,2585,lppmutssurabaya,lppm,serper_search,0.65,0,"2026-02-25 10:42:47"
252,2587,ppsbitung,humas,serper_search,0.65,0,"2026-02-25 10:43:11"
253,2598,bem_stie_kramat,bem,serper_search,0.6,0,"2026-02-25 10:44:00"
254,2603,bemupb,bem,serper_search,0.65,0,"2026-02-25 10:44:13"
255,2626,bem.ubn,bem,serper_search,0.65,0,"2026-02-25 10:45:17"
256,2626,bem.ubn_,bem,serper_search,0.65,0,"2026-02-25 10:45:17"
257,2646,bem.ums,bem,serper_search,0.65,0,"2026-02-25 10:45:55"
258,2646,bemumsjember,bem,serper_search,0.65,0,"2026-02-25 10:45:55"
259,2646,kemahasiswaan.ums,kemahasiswaan,serper_search,0.65,0,"2026-02-25 10:45:55"
260,2646,paumsofficial,alumni,serper_search,0.65,0,"2026-02-25 10:45:55"
261,2646,lppmums,lppm,serper_search,0.65,0,"2026-02-25 10:45:55"
262,2945,himapta.ubb,bem,serper_search,0.65,0,"2026-02-26 02:40:45"
263,2945,alumni_ubb,alumni,serper_search,0.65,0,"2026-02-26 02:40:45"
264,2945,ika_ubb,alumni,serper_search,0.65,0,"2026-02-26 02:40:45"
265,2945,lppmubbofficial,lppm,serper_search,0.65,0,"2026-02-26 02:40:45"
266,2950,bem.uss_,bem,serper_search,0.65,0,"2026-02-26 02:41:21"
267,2950,bem.uss,bem,serper_search,0.65,0,"2026-02-26 02:41:21"
268,2950,lppmuss,lppm,serper_search,0.65,0,"2026-02-26 02:41:21"
269,2992,mamiimira,alumni,serper_search,0.65,0,"2026-02-26 02:43:07"
270,3010,bemupstegal,bem,serper_search,0.65,0,"2026-02-26 02:43:58"
271,3010,kemahasiswaan_ups_tegal,kemahasiswaan,serper_search,0.65,0,"2026-02-26 02:43:58"
272,3010,upsalumni,alumni,serper_search,0.65,0,"2026-02-26 02:43:58"
273,3010,alumniupsfh,alumni,serper_search,0.65,0,"2026-02-26 02:43:58"
274,3010,lppm_upstegal,lppm,serper_search,0.65,0,"2026-02-26 02:43:58"
275,3028,ika_pnb,alumni,serper_search,0.65,0,"2026-02-26 02:45:01"
276,3028,alumni_pnbjogja,alumni,serper_search,0.65,0,"2026-02-26 02:45:01"
277,3033,bem.stiesgasantara_,bem,serper_search,0.65,0,"2026-02-26 02:45:27"
278,3212,bemuij,bem,serper_search,0.875,0,"2026-02-26 06:40:47"
279,3212,bemuij_official,bem,serper_search,0.65,0,"2026-02-26 06:40:47"
280,3212,kemahasiswaan_uij,kemahasiswaan,serper_search,0.65,0,"2026-02-26 06:40:48"
281,3212,lppmuijember,lppm,serper_search,0.65,0,"2026-02-26 06:40:48"
282,3217,bem_umk,bem,serper_search,0.65,0,"2026-02-26 06:41:26"
283,3217,kemahasiswaan_umk,kemahasiswaan,serper_search,0.65,0,"2026-02-26 06:41:26"
284,3217,alumni_umk,alumni,serper_search,0.65,0,"2026-02-26 06:41:26"
285,3217,lppm_umk,lppm,serper_search,0.65,0,"2026-02-26 06:41:26"
286,3231,bem.upj,bem,serper_search,0.65,0,"2026-02-26 06:42:57"
287,3231,bkal_upj,kemahasiswaan,serper_search,0.65,0,"2026-02-26 06:42:57"
288,3231,lppm.upj,lppm,serper_search,0.65,0,"2026-02-26 06:42:57"
289,3237,bemumm,bem,serper_search,0.65,0,"2026-02-26 06:43:09"
290,3237,pmb_umm,pmb,serper_search,0.65,0,"2026-02-26 06:43:09"
291,3237,kemahasiswaan_umm,kemahasiswaan,serper_search,0.65,0,"2026-02-26 06:43:09"
292,3237,kemahasiswaanumm,kemahasiswaan,serper_search,0.65,0,"2026-02-26 06:43:09"
293,3237,umm.alumni,alumni,serper_search,0.65,0,"2026-02-26 06:43:09"
294,3237,lppmumm,lppm,serper_search,0.65,0,"2026-02-26 06:43:09"
295,3247,bem_stiab_jinarakkhita,bem,serper_search,0.65,0,"2026-02-26 06:44:03"
296,3265,bemunivawalbros,bem,serper_search,0.65,0,"2026-02-26 06:44:28"
297,3265,kemahasiswaan_uab,kemahasiswaan,serper_search,0.65,0,"2026-02-26 06:44:28"
298,3265,alumniuab,alumni,serper_search,0.65,0,"2026-02-26 06:44:28"
299,3265,uabalumni,alumni,serper_search,0.65,0,"2026-02-26 06:44:28"
300,3273,bemueu_official,bem,serper_search,0.95,0,"2026-02-26 06:45:19"
301,3273,aruna9news,humas,serper_search,0.6,0,"2026-02-26 06:45:19"
302,3536,ika.slmfhunnes,alumni,serper_search,0.65,0,"2026-02-26 10:40:33"
303,3539,ikapens.official,alumni,serper_search,0.65,0,"2026-02-26 10:41:01"
304,3552,bem.pbk_official,bem,serper_search,0.65,0,"2026-02-26 10:41:55"
305,3560,ikaitpln,alumni,serper_search,0.65,0,"2026-02-26 10:42:08"
306,3560,lppmitpln,lppm,serper_search,0.65,0,"2026-02-26 10:42:08"
307,3595,kmhs_stiami,kemahasiswaan,serper_search,0.65,0,"2026-02-26 10:43:54"
308,3595,ikastiami,alumni,serper_search,0.65,0,"2026-02-26 10:43:54"
309,3595,lppmstiami,lppm,serper_search,0.65,0,"2026-02-26 10:43:54"
310,3604,lppm_umk,lppm,serper_search,0.95,0,"2026-02-26 10:44:18"
311,3604,bem_umk,bem,serper_search,0.65,0,"2026-02-26 10:44:18"
312,3604,kemahasiswaan_umk,kemahasiswaan,serper_search,0.65,0,"2026-02-26 10:44:18"
313,3604,alumni_umk,alumni,serper_search,0.65,0,"2026-02-26 10:44:18"
314,3627,bem_sttpontianak,bem,serper_search,0.65,0,"2026-02-26 10:45:57"
315,3641,bem_stdhkbp,bem,serper_search,0.65,0,"2026-02-26 10:46:30"
316,3945,lppm.ubg,lppm,serper_search,0.6,0,"2026-02-27 02:40:43"
317,3957,lp2mukt,lppm,serper_search,0.65,0,"2026-02-27 02:41:09"
318,3960,bem_stieieu.official,bem,serper_search,0.65,0,"2026-02-27 02:41:23"
319,3970,fay_fathimah,pmb,serper_search,0.65,0,"2026-02-27 02:42:04"
320,3985,bemuiidalwa,bem,serper_search,0.65,0,"2026-02-27 02:42:41"
321,3985,kemahasiswaanuii,kemahasiswaan,serper_search,0.65,0,"2026-02-27 02:42:41"
322,3985,alumni.uii.inf99,alumni,serper_search,0.65,0,"2026-02-27 02:42:41"
323,3998,alumnipmmjatim,alumni,serper_search,0.65,0,"2026-02-27 02:43:30"
324,4010,bem_upnvj,bem,serper_search,0.875,0,"2026-02-27 02:44:08"
325,4010,kemahasiswaan_bemupnvj,bem,serper_search,0.65,0,"2026-02-27 02:44:08"
326,4010,kemahasiswaanupnvj,kemahasiswaan,serper_search,0.65,0,"2026-02-27 02:44:08"
327,4010,ika.upnvj,alumni,serper_search,0.65,0,"2026-02-27 02:44:08"
328,4010,lppmupnvj,lppm,serper_search,0.65,0,"2026-02-27 02:44:08"
329,4012,bem_uwhs,bem,serper_search,0.65,0,"2026-02-27 02:44:20"
330,4021,ari_bem,bem,serper_search,0.65,0,"2026-02-27 02:44:43"
331,4022,bem.upm,bem,serper_search,0.65,0,"2026-02-27 02:44:55"
332,4022,humas_upm,humas,serper_search,0.65,0,"2026-02-27 02:44:55"
333,4022,pusatperhubunganalumniupm,alumni,serper_search,0.65,0,"2026-02-27 02:44:55"
334,4022,dkiparamadina,kemahasiswaan,serper_search,0.65,0,"2026-02-27 02:44:55"
335,4026,alumnipns,alumni,serper_search,0.65,0,"2026-02-27 02:45:20"
336,4275,pmb_uma,pmb,serper_search,0.65,0,"2026-02-27 06:40:35"
337,4275,antiguosalumnosuma,alumni,serper_search,0.65,0,"2026-02-27 06:40:35"
338,4288,bem.ums,bem,serper_search,0.65,0,"2026-02-27 06:42:03"
339,4288,bemumsjember,bem,serper_search,0.65,0,"2026-02-27 06:42:03"
340,4288,kemahasiswaan.ums,kemahasiswaan,serper_search,0.65,0,"2026-02-27 06:42:03"
341,4288,paumsofficial,alumni,serper_search,0.65,0,"2026-02-27 06:42:03"
342,4288,lppmums,lppm,serper_search,0.65,0,"2026-02-27 06:42:03"
343,4326,pmb_uma,pmb,serper_search,0.65,0,"2026-02-27 06:42:29"
344,4326,antiguosalumnosuma,alumni,serper_search,0.65,0,"2026-02-27 06:42:29"
345,4339,official_pgmi.stiesba,pmb,serper_search,0.65,0,"2026-02-27 06:43:06"
346,4365,pmb.usp,pmb,serper_search,0.65,0,"2026-02-27 06:44:34"
347,4365,humas.usp,humas,serper_search,0.65,0,"2026-02-27 06:44:34"
348,4365,pmb_bidan_usp,pmb,serper_search,0.65,0,"2026-02-27 06:44:34"
349,4365,alumniusp,alumni,serper_search,0.65,0,"2026-02-27 06:44:34"
350,4365,lppm_usp,lppm,serper_search,0.65,0,"2026-02-27 06:44:34"
351,4412,bemfai.umpwt,bem,serper_search,0.65,0,"2026-02-27 06:46:15"
352,4412,pmb_ump,pmb,serper_search,0.65,0,"2026-02-27 06:46:15"
353,4412,kemahasiswaan_ump,kemahasiswaan,serper_search,0.65,0,"2026-02-27 06:46:15"
354,4412,lppmump,lppm,serper_search,0.65,0,"2026-02-27 06:46:15"
355,5464,bem_umbp2_pakam,bem,serper_search,0.65,0,"2026-02-28 06:40:05"
356,5464,lppm.umb,lppm,serper_search,0.6,0,"2026-02-28 06:40:05"
357,5473,bem_stab_mp,bem,serper_search,0.6,0,"2026-02-28 06:40:32"
358,5473,bem_stab,bem,serper_search,0.6,0,"2026-02-28 06:40:32"
359,5487,alumni.upkm,alumni,serper_search,0.65,0,"2026-02-28 06:41:36"
360,5490,bem.uis,bem,serper_search,0.95,0,"2026-02-28 06:41:49"
361,5490,alumnikisdarkuis,alumni,serper_search,0.65,0,"2026-02-28 06:41:49"
362,5499,bem_stikaalhidayah,bem,serper_search,0.65,0,"2026-02-28 06:42:14"
363,5499,24.theshiningstars,alumni,serper_search,0.65,0,"2026-02-28 06:42:14"
364,5549,bem_itda,bem,serper_search,0.875,0,"2026-02-28 06:44:51"
365,5549,pmb.itda,pmb,serper_search,0.65,0,"2026-02-28 06:44:51"
366,5549,kemahasiswaan_itda,kemahasiswaan,serper_search,0.65,0,"2026-02-28 06:44:51"
367,5549,ikaitda,alumni,serper_search,0.65,0,"2026-02-28 06:44:51"
368,5550,ikappns,alumni,serper_search,0.65,0,"2026-02-28 06:45:04"
369,5555,hjoofficial24,alumni,serper_search,0.65,0,"2026-02-28 06:45:31"
370,5575,insead_usa,alumni,serper_search,0.65,0,"2026-02-28 06:46:09"
371,5784,alumniuajm,alumni,serper_search,0.95,0,"2026-02-28 10:40:06"
372,5798,lppm__uhtp,lppm,serper_search,0.95,0,"2026-02-28 10:40:17"
373,5798,bem_uhtp,bem,serper_search,0.65,0,"2026-02-28 10:40:17"
374,5798,kemahasiswaan.uhtp,kemahasiswaan,serper_search,0.65,0,"2026-02-28 10:40:17"
375,5818,bem.imde,bem,serper_search,0.65,0,"2026-02-28 10:40:54"
376,5837,bemutsofficial,bem,serper_search,0.65,0,"2026-02-28 10:42:12"
377,5837,bemuts_hijau,bem,serper_search,0.65,0,"2026-02-28 10:42:12"
378,5837,kemahasiswaan.uts,kemahasiswaan,serper_search,0.65,0,"2026-02-28 10:42:12"
379,5837,utsalumni,alumni,serper_search,0.65,0,"2026-02-28 10:42:12"
380,5847,bem_pgg,bem,serper_search,0.95,0,"2026-02-28 10:43:14"
381,5860,ika_pnb,alumni,serper_search,0.65,0,"2026-02-28 10:44:18"
382,5860,alumni_pnbjogja,alumni,serper_search,0.65,0,"2026-02-28 10:44:18"
383,5886,bem_spad,bem,serper_search,0.65,0,"2026-02-28 10:45:45"
384,6049,alumniuct,alumni,serper_search,0.65,0,"2026-03-01 02:40:17"
385,6064,ufazalumni,alumni,serper_search,0.65,0,"2026-03-01 02:41:35"
386,6065,pmb.uinsgd,pmb,serper_search,0.65,0,"2026-03-01 02:41:48"
387,6065,kemahasiswaan.uinsgd,kemahasiswaan,serper_search,0.65,0,"2026-03-01 02:41:48"
388,6078,bem.ums,bem,serper_search,0.875,0,"2026-03-01 02:42:36"
389,6078,kemahasiswaan.ums,kemahasiswaan,serper_search,0.65,0,"2026-03-01 02:42:36"
390,6078,paumsofficial,alumni,serper_search,0.65,0,"2026-03-01 02:42:36"
391,6078,lppmums,lppm,serper_search,0.65,0,"2026-03-01 02:42:36"
392,6102,ikasmapaj,alumni,serper_search,0.65,0,"2026-03-01 02:43:14"
393,6139,alumniunb,alumni,serper_search,0.65,0,"2026-03-01 02:45:49"
394,6359,bem_umc,bem,serper_search,0.65,0,"2026-03-01 06:40:05"
395,6359,himahumas_umc,humas,serper_search,0.65,0,"2026-03-01 06:40:05"
396,6359,prodihumas.umc23,humas,serper_search,0.65,0,"2026-03-01 06:40:05"
397,6359,birokemahasiswaan_umcirebon,kemahasiswaan,serper_search,0.65,0,"2026-03-01 06:40:05"
398,6359,bemumachung,bem,serper_search,0.6,0,"2026-03-01 06:40:05"
399,6364,lp2m_mifdainstitut,lppm,serper_search,0.6,0,"2026-03-01 06:40:42"
400,6386,bemunusu,bem,serper_search,0.65,0,"2026-03-01 06:41:46"
401,6421,bem_uad,bem,serper_search,0.65,0,"2026-03-01 06:42:47"
402,6421,pmb_uad,pmb,serper_search,0.65,0,"2026-03-01 06:42:47"
403,6421,kemahasiswaan_uad,kemahasiswaan,serper_search,0.65,0,"2026-03-01 06:42:47"
404,6421,kamada_alumniuad,alumni,serper_search,0.65,0,"2026-03-01 06:42:47"
405,6421,lppm_uad,lppm,serper_search,0.65,0,"2026-03-01 06:42:47"
406,6457,bemfebupms,bem,serper_search,0.65,0,"2026-03-01 06:43:48"
407,6457,unit_karirupms,alumni,serper_search,0.65,0,"2026-03-01 06:43:48"
408,6481,andajuand,alumni,serper_search,0.65,0,"2026-03-01 06:44:59"
409,6484,mds_alakape,alumni,serper_search,0.65,0,"2026-03-01 06:45:10"
410,6492,pmb.sttw,pmb,serper_search,0.65,0,"2026-03-01 06:45:23"
411,6741,kemahasiswaanuinsalatiga,kemahasiswaan,serper_search,0.95,0,"2026-03-01 10:40:16"
412,6741,kemahasiswaan.uinsgd,kemahasiswaan,serper_search,0.65,0,"2026-03-01 10:40:16"
413,6741,kemahasiswaan_uinsuka,kemahasiswaan,serper_search,0.65,0,"2026-03-01 10:40:16"
414,6742,bem.uphmedan,bem,serper_search,0.85,0,"2026-03-01 10:40:28"
415,6756,lppmusg,lppm,serper_search,0.95,0,"2026-03-01 10:41:17"
416,6756,ppmb.usg,pmb,serper_search,0.65,0,"2026-03-01 10:41:17"
417,6766,lppmnf,lppm,serper_search,0.6,0,"2026-03-01 10:41:54"
418,6799,pemirabemfeb.ubk,bem,serper_search,0.65,0,"2026-03-01 10:42:29"
419,6799,ikaubk,alumni,serper_search,0.65,0,"2026-03-01 10:42:29"
420,6807,calce.bem.sms,bem,serper_search,0.65,0,"2026-03-01 10:43:05"
421,6807,asti.alumni.sms.teluk.intan,alumni,serper_search,0.65,0,"2026-03-01 10:43:05"
422,6807,asputra_09,alumni,serper_search,0.65,0,"2026-03-01 10:43:05"
423,6814,bem_aknp,bem,serper_search,0.65,0,"2026-03-01 10:43:18"
424,6817,bemuwdp,bem,serper_search,0.65,0,"2026-03-01 10:43:42"
425,6865,bem.ppm,bem,serper_search,0.65,0,"2026-03-01 10:45:16"
426,6865,humasppmalfurqon,humas,serper_search,0.65,0,"2026-03-01 10:45:16"
427,6865,kemahasiswaanppm,kemahasiswaan,serper_search,0.65,0,"2026-03-01 10:45:16"
428,6865,ika_ppm,alumni,serper_search,0.65,0,"2026-03-01 10:45:16"
429,6865,lppm_telkomunivpwt,lppm,serper_search,0.65,0,"2026-03-01 10:45:16"
430,6876,alumni_politeknik_psa,alumni,serper_search,0.65,0,"2026-03-01 10:45:52"
431,7030,stc.alumni,alumni,serper_search,0.65,0,"2026-03-02 02:40:05"
432,7031,sgbva.alumnihub,alumni,serper_search,0.65,0,"2026-03-02 02:40:17"
433,7035,nuomicronomega,alumni,serper_search,0.65,0,"2026-03-02 02:40:44"
434,7053,_socone,alumni,serper_search,0.65,0,"2026-03-02 02:42:37"
435,7053,ips3smapa18,alumni,serper_search,0.65,0,"2026-03-02 02:42:37"
436,7053,ips1_awe20me,alumni,serper_search,0.65,0,"2026-03-02 02:42:37"
437,7097,alumnippb10,alumni,serper_search,0.65,0,"2026-03-02 02:44:44"
438,7107,pmb.uinws,pmb,serper_search,0.95,0,"2026-03-02 02:44:56"
439,7114,bemusm,bem,serper_search,0.65,0,"2026-03-02 02:45:08"
440,7114,kemahasiswaan_alumni_usm,kemahasiswaan,serper_search,0.65,0,"2026-03-02 02:45:08"
441,7114,adc_usm,alumni,serper_search,0.65,0,"2026-03-02 02:45:08"
442,7114,alumniusm,alumni,serper_search,0.65,0,"2026-03-02 02:45:08"
443,7114,alumni_usm,alumni,serper_search,0.65,0,"2026-03-02 02:45:08"
444,7114,persatuan.alumni.usm,alumni,serper_search,0.65,0,"2026-03-02 02:45:08"
445,7114,lppm_usm,lppm,serper_search,0.65,0,"2026-03-02 02:45:08"
446,7115,bem_swu,bem,serper_search,0.65,0,"2026-03-02 02:45:23"
447,7117,ikasttcirebon,alumni,serper_search,0.95,0,"2026-03-02 02:45:47"
448,7117,bem.sttc,bem,serper_search,0.65,0,"2026-03-02 02:45:47"
449,906,sdpundiksha_dps,humas,web_search,0.65,0,"2026-03-03 02:41:44"
450,906,sdp_khrc,humas,web_search,0.65,0,"2026-03-03 02:41:44"
451,906,alumni_sdp,alumni,web_search,0.65,0,"2026-03-03 02:41:44"
452,906,_dafoed.aloemni3,alumni,web_search,0.65,0,"2026-03-03 02:41:44"
453,907,pmb_stiaamuntai,pmb,web_search,0.875,0,"2026-03-03 02:42:28"
454,907,alumni_stiaamt,alumni,web_search,0.875,0,"2026-03-03 02:42:28"
455,907,kemahasiswaan.alumni_stiaamt,kemahasiswaan,web_search,0.875,0,"2026-03-03 02:42:28"
456,907,pmb.stiabandung,pmb,web_search,0.6,0,"2026-03-03 02:42:28"
457,907,lppm_stia_nusa,lppm,web_search,0.6,0,"2026-03-03 02:42:28"
458,907,lppmstia,lppm,web_search,0.6,0,"2026-03-03 02:42:28"
459,907,lppmstiabagasasi_official,lppm,web_search,0.6,0,"2026-03-03 02:42:28"
460,909,ikapips.upi,alumni,web_search,0.65,0,"2026-03-03 02:42:56"
461,909,ikaalumni.pipsfisum,alumni,web_search,0.65,0,"2026-03-03 02:42:56"
462,909,aapdipoh,alumni,web_search,0.6,0,"2026-03-03 02:42:56"
463,912,appi.psikologi,kemahasiswaan,web_search,0.65,0,"2026-03-03 02:45:04"
464,912,appi_id,kemahasiswaan,web_search,0.65,0,"2026-03-03 02:45:04"
465,912,appalumni,alumni,web_search,0.6,0,"2026-03-03 02:45:04"
466,912,appstatecltalumni,alumni,web_search,0.6,0,"2026-03-03 02:45:04"
467,912,appstatealumni_gvl,alumni,web_search,0.6,0,"2026-03-03 02:45:04"
468,913,pmb_stiss,pmb,web_search,0.6,0,"2026-03-03 02:45:31"
469,913,kemahasiswaan.istts,kemahasiswaan,web_search,0.6,0,"2026-03-03 02:45:31"
470,913,kemahasiswaan.ars,kemahasiswaan,web_search,0.6,0,"2026-03-03 02:45:31"
471,913,kemahasiswaan.ui,kemahasiswaan,web_search,0.6,0,"2026-03-03 02:45:31"
472,913,kemahasiswaan.sttmigas,kemahasiswaan,web_search,0.6,0,"2026-03-03 02:45:31"
473,913,ncstatealumni,alumni,web_search,0.6,0,"2026-03-03 02:45:31"
474,913,cma_alumni_all_stars,alumni,web_search,0.6,0,"2026-03-03 02:45:31"
475,913,risingstarsalumni,alumni,web_search,0.6,0,"2026-03-03 02:45:31"
476,913,kstatealumni,alumni,web_search,0.6,0,"2026-03-03 02:45:31"
477,915,kemahasiswaan_uim,kemahasiswaan,web_search,0.65,0,"2026-03-03 02:46:10"
478,915,kemahasiswan_uim,kemahasiswaan,web_search,0.65,0,"2026-03-03 02:46:10"
479,915,uimalumni,alumni,web_search,0.65,0,"2026-03-03 02:46:10"
480,915,alumnifkipuim,alumni,web_search,0.65,0,"2026-03-03 02:46:10"
481,915,kalimah.uim,alumni,web_search,0.65,0,"2026-03-03 02:46:10"
482,916,lppm_ummi,lppm,web_search,0.6,0,"2026-03-03 02:47:00"
483,917,pelantikan_kemahasiswaan_ukkw,kemahasiswaan,web_search,0.725,0,"2026-03-03 02:47:41"
484,1785,bem.ppm,bem,web_search,0.65,0,"2026-03-03 06:40:21"
485,1785,bem_ppm,bem,web_search,0.65,0,"2026-03-03 06:40:21"
486,1785,kemahasiswaanppm,kemahasiswaan,web_search,0.65,0,"2026-03-03 06:40:21"
487,1786,bem_stis,bem,web_search,0.65,0,"2026-03-03 06:40:49"
488,1786,bem_instiki,bem,web_search,0.65,0,"2026-03-03 06:40:49"
489,1786,instikikemahasiswaan,kemahasiswaan,web_search,0.6,0,"2026-03-03 06:40:49"
490,1786,kemahasiswaanstikeshmp,kemahasiswaan,web_search,0.6,0,"2026-03-03 06:40:49"
491,1786,kemahasiswaan.istts,kemahasiswaan,web_search,0.6,0,"2026-03-03 06:40:49"
492,1790,bem_pepiserpong,bem,web_search,0.75,0,"2026-03-03 06:41:45"
493,1790,kemahasiswaan.upi,kemahasiswaan,web_search,0.5,0,"2026-03-03 06:41:45"
494,1790,upi_kemahasiswaan,kemahasiswaan,web_search,0.5,0,"2026-03-03 06:41:45"
495,1794,bemfpbuaj,bem,web_search,0.6,0,"2026-03-03 06:42:43"
496,1797,kemahasiswaanpaib,kemahasiswaan,web_search,0.65,0,"2026-03-03 06:43:41"
497,1797,sma1pbg_id,kemahasiswaan,web_search,0.65,0,"2026-03-03 06:43:41"
498,1797,kemahasiswaan.ipbi,kemahasiswaan,web_search,0.65,0,"2026-03-03 06:43:41"
499,1797,pbg__official,kemahasiswaan,web_search,0.65,0,"2026-03-03 06:43:41"
500,1797,alumni.pbg,alumni,web_search,0.65,0,"2026-03-03 06:43:41"
501,1798,alumni_stmi_otomotive_5,alumni,web_search,0.65,0,"2026-03-03 06:44:10"
502,1804,odtumetu_usa,alumni,web_search,0.65,0,"2026-03-03 06:45:09"
503,1804,vjti_alumni,alumni,web_search,0.65,0,"2026-03-03 06:45:09"
504,1804,alumni.usa,alumni,web_search,0.65,0,"2026-03-03 06:45:09"
505,1804,ietalumniusa,alumni,web_search,0.65,0,"2026-03-03 06:45:09"
506,1804,kpmgusalumni,alumni,web_search,0.65,0,"2026-03-03 06:45:09"
507,1805,kemahasiswaanfhunsri,kemahasiswaan,web_search,0.65,0,"2026-03-03 06:45:36"
508,1810,st.pauls_alumni_association,alumni,web_search,0.6,0,"2026-03-03 06:46:30"
509,1810,tommiealumni,alumni,web_search,0.6,0,"2026-03-03 06:46:30"
510,1810,concordiastpaulalumni,alumni,web_search,0.6,0,"2026-03-03 06:46:30"
511,1814,humaslpptvri,humas,web_search,0.65,0,"2026-03-03 06:47:27"
512,1819,bemusdyk,bem,web_search,0.6,0,"2026-03-03 06:49:29"
513,1821,officialbem_uai,bem,web_search,0.875,0,"2026-03-03 06:50:21"
514,1821,bemfhuai,bem,web_search,0.875,0,"2026-03-03 06:50:21"
515,1821,bemfst.uai,bem,web_search,0.875,0,"2026-03-03 06:50:21"
516,1821,kemahasiswaan.uai,kemahasiswaan,web_search,0.65,0,"2026-03-03 06:50:21"
517,1821,alumniuai,alumni,web_search,0.65,0,"2026-03-03 06:50:21"
518,1821,popular,alumni,web_search,0.65,0,"2026-03-03 06:50:21"
519,1822,alumniupt,alumni,web_search,0.65,0,"2026-03-03 06:50:50"
520,1822,gpsalumniupt,alumni,web_search,0.65,0,"2026-03-03 06:50:50"
521,1830,kemahasiswaan_pnj,kemahasiswaan,web_search,0.65,0,"2026-03-03 06:51:16"
522,1830,bkal_upj,kemahasiswaan,web_search,0.65,0,"2026-03-03 06:51:16"
523,1831,bem_sttgstieg,bem,web_search,0.65,0,"2026-03-03 06:51:41"
524,1831,kemahasiswaan.sttmigas,kemahasiswaan,web_search,0.6,0,"2026-03-03 06:51:41"
525,1831,kemahasiswaan.sttwastukancana,kemahasiswaan,web_search,0.6,0,"2026-03-03 06:51:41"
526,1831,lppm.sttcipasung,lppm,web_search,0.6,0,"2026-03-03 06:51:41"
527,1836,stipabdinegara,pmb,web_search,0.9,0,"2026-03-03 06:53:02"
528,1838,humaswisuda.ubd,humas,web_search,0.65,0,"2026-03-03 06:54:10"
529,1838,pmb.ubd,pmb,web_search,0.65,0,"2026-03-03 06:54:10"
530,2094,staiiofficial,humas,web_search,0.65,0,"2026-03-03 10:40:15"
531,2094,banffmetal,humas,web_search,0.65,0,"2026-03-03 10:40:15"
532,2094,pmb.staialanwarsarang,pmb,web_search,0.65,0,"2026-03-03 10:40:15"
533,2094,pmb_staialakbar,pmb,web_search,0.65,0,"2026-03-03 10:40:15"
534,2094,alumnistain,alumni,web_search,0.6,0,"2026-03-03 10:40:15"
535,2094,staialisurabaya,alumni,web_search,0.6,0,"2026-03-03 10:40:15"
536,2094,almutahabbinfillah,alumni,web_search,0.6,0,"2026-03-03 10:40:15"
537,2094,hamasahdotco,alumni,web_search,0.6,0,"2026-03-03 10:40:15"
538,2094,lppm_staipui,lppm,web_search,0.6,0,"2026-03-03 10:40:15"
539,2094,lppm_staipui_mjl,lppm,web_search,0.6,0,"2026-03-03 10:40:15"
540,2094,lp2m.staiydi,lppm,web_search,0.6,0,"2026-03-03 10:40:15"
541,2094,lppmstaisenorituban,lppm,web_search,0.6,0,"2026-03-03 10:40:15"
542,2100,kemahasiswaan.ars,kemahasiswaan,web_search,0.65,0,"2026-03-03 10:41:09"
543,2100,kemahasiswaan.umj,kemahasiswaan,web_search,0.65,0,"2026-03-03 10:41:09"
544,2100,bemftirs_its,bem,web_search,0.6,0,"2026-03-03 10:41:09"
545,2100,srjc_alumni_official,alumni,web_search,0.6,0,"2026-03-03 10:41:09"
546,2100,sjualumni,alumni,web_search,0.6,0,"2026-03-03 10:41:09"
547,2100,lppmuajy,lppm,web_search,0.6,0,"2026-03-03 10:41:09"
548,2100,lppmsintesa,lppm,web_search,0.6,0,"2026-03-03 10:41:09"
549,2100,lppm_unj,lppm,web_search,0.6,0,"2026-03-03 10:41:10"
550,2101,lppm_iaiabsa,lppm,web_search,0.65,0,"2026-03-03 10:41:35"
551,2103,humasviking,humas,web_search,0.65,0,"2026-03-03 10:42:28"
552,2103,inseadalumni,alumni,web_search,0.65,0,"2026-03-03 10:42:28"
553,2105,prasbhara_polresbws,humas,web_search,0.65,0,"2026-03-03 10:42:54"
554,2105,prasbhara.polres.pasuruan.kota,humas,web_search,0.65,0,"2026-03-03 10:42:54"
555,2105,psb_alumni,alumni,web_search,0.65,0,"2026-03-03 10:42:54"
556,2106,pmhfertilitycenter,humas,web_search,0.65,0,"2026-03-03 10:43:22"
557,2106,pmh.bahamas,humas,web_search,0.65,0,"2026-03-03 10:43:22"
558,2109,kemahasiswaan_alumni_usm,kemahasiswaan,web_search,0.6,0,"2026-03-03 10:43:50"
559,2109,usmalumni,alumni,web_search,0.6,0,"2026-03-03 10:43:50"
560,2109,saasouthernmiss,alumni,web_search,0.6,0,"2026-03-03 10:43:50"
561,2109,usm_alumni,alumni,web_search,0.6,0,"2026-03-03 10:43:50"
562,2109,adc_usm,alumni,web_search,0.6,0,"2026-03-03 10:43:50"
563,2109,persatuan.alumni.usm,alumni,web_search,0.6,0,"2026-03-03 10:43:50"
564,2109,lppm_usm,lppm,web_search,0.6,0,"2026-03-03 10:43:50"
565,2115,bem_stftfajartimur,bem,web_search,0.825,0,"2026-03-03 10:45:11"
566,2117,iaink_kkk,humas,web_search,0.65,0,"2026-03-03 10:45:38"
567,2117,akademikemahasiswaan_iainkudus,kemahasiswaan,web_search,0.65,0,"2026-03-03 10:45:38"
568,2117,kemahasiswaan_iainptk,kemahasiswaan,web_search,0.65,0,"2026-03-03 10:45:38"
569,2117,kemahasiswaan_iainkudus,kemahasiswaan,web_search,0.65,0,"2026-03-03 10:45:38"
570,2117,lp2m.iainlangsa,lppm,web_search,0.65,0,"2026-03-03 10:45:38"
571,2117,lp2m.iainkendari,lppm,web_search,0.65,0,"2026-03-03 10:45:38"
572,2117,lppm_iainkudus,lppm,web_search,0.65,0,"2026-03-03 10:45:38"
573,2117,kemahasiswaan_iain24,kemahasiswaan,web_search,0.6,0,"2026-03-03 10:45:38"
574,2117,kemahasiswaan.iainsurakarta,kemahasiswaan,web_search,0.6,0,"2026-03-03 10:45:38"
575,2117,lppm_iain_curup,lppm,web_search,0.6,0,"2026-03-03 10:45:38"
576,2117,lppm_uinsaizu,lppm,web_search,0.6,0,"2026-03-03 10:45:38"
577,2121,pmb_uym.tng.official,pmb,web_search,0.95,0,"2026-03-03 10:46:59"
578,2121,akademik_uym,kemahasiswaan,web_search,0.95,0,"2026-03-03 10:46:59"
579,2121,lppm.uym,lppm,web_search,0.95,0,"2026-03-03 10:46:59"
580,2122,divisi.humas.remnus,humas,web_search,0.65,0,"2026-03-03 10:47:24"
581,2122,pmb.stmikindonesia,pmb,web_search,0.65,0,"2026-03-03 10:47:24"
582,2122,alumni_stm_bogor_bersatu,alumni,web_search,0.65,0,"2026-03-03 10:47:24"
583,2122,alsbobers,alumni,web_search,0.65,0,"2026-03-03 10:47:24"
584,2122,iklastempurpapua,alumni,web_search,0.65,0,"2026-03-03 10:47:24"
585,2122,kamisetembang,alumni,web_search,0.65,0,"2026-03-03 10:47:24"
586,2126,pmb.sttp26,pmb,web_search,0.6,0,"2026-03-03 10:48:22"
587,2129,bem_rema_umbengkulu,bem,web_search,0.65,0,"2026-03-03 10:49:16"
588,2129,bemfebumb_,bem,web_search,0.6,0,"2026-03-03 10:49:16"
589,2129,bemfebumb,bem,web_search,0.6,0,"2026-03-03 10:49:16"
590,2129,bemfeb.umb,bem,web_search,0.6,0,"2026-03-03 10:49:16"
591,2129,pmb.umby,pmb,web_search,0.6,0,"2026-03-03 10:49:16"
592,2129,pmb_umbandung,pmb,web_search,0.6,0,"2026-03-03 10:49:16"
593,2129,kemahasiswaan_umb,kemahasiswaan,web_search,0.6,0,"2026-03-03 10:49:16"
594,2129,birokemahasiswaan.umb,kemahasiswaan,web_search,0.6,0,"2026-03-03 10:49:16"
595,2129,kemahasiswaanumb,kemahasiswaan,web_search,0.6,0,"2026-03-03 10:49:16"
596,2130,bemusn_official,bem,web_search,0.65,0,"2026-03-03 10:49:39"
597,2130,bemuslandscape,bem,web_search,0.65,0,"2026-03-03 10:49:39"
598,2130,usalumni1,alumni,web_search,0.65,0,"2026-03-03 10:49:39"
599,2131,kemahasiswaan.stieindonesia,kemahasiswaan,web_search,0.6,0,"2026-03-03 10:50:06"
600,2131,kemahasiswaan_stiekn,kemahasiswaan,web_search,0.6,0,"2026-03-03 10:50:06"
601,2131,kemahasiswaan.stie.pancasetia,kemahasiswaan,web_search,0.6,0,"2026-03-03 10:50:06"
602,2240,bem_atb,bem,web_search,0.65,0,"2026-03-03 10:51:23"
603,2240,biro.humas.atrbpn,humas,web_search,0.65,0,"2026-03-03 10:51:23"
604,2649,alumnisams,alumni,web_search,0.65,0,"2026-03-04 02:40:20"
605,2652,bemumm,bem,web_search,0.65,0,"2026-03-04 02:41:09"
606,2652,bem_FTUMM,bem,web_search,0.65,0,"2026-03-04 02:41:09"
607,2652,pmb_umm,pmb,web_search,0.65,0,"2026-03-04 02:41:09"
608,2652,kemahasiswaan_umm,kemahasiswaan,web_search,0.65,0,"2026-03-04 02:41:09"
609,2652,ikaumm_,alumni,web_search,0.65,0,"2026-03-04 02:41:09"
610,2652,alumnifkumm,alumni,web_search,0.65,0,"2026-03-04 02:41:09"
611,2652,ummcampus,alumni,web_search,0.65,0,"2026-03-04 02:41:09"
612,2652,lppmumm,lppm,web_search,0.65,0,"2026-03-04 02:41:09"
613,2653,bemstpm,bem,web_search,0.65,0,"2026-03-04 02:41:38"
614,2653,kemahasiswaanstpnhibdg,kemahasiswaan,web_search,0.65,0,"2026-03-04 02:41:38"
615,2653,lppm_ampta,lppm,web_search,0.65,0,"2026-03-04 02:41:38"
616,2654,lppm_uml,lppm,web_search,0.875,0,"2026-03-04 02:42:02"
617,2654,bemfeb_uml,bem,web_search,0.65,0,"2026-03-04 02:42:02"
618,2654,bem_fapetkan_uml,bem,web_search,0.65,0,"2026-03-04 02:42:02"
619,2654,msa.uml,pmb,web_search,0.65,0,"2026-03-04 02:42:02"
620,2654,umlscholarships,pmb,web_search,0.65,0,"2026-03-04 02:42:02"
621,2654,uml_admissions,pmb,web_search,0.65,0,"2026-03-04 02:42:02"
622,2654,umlalumni,alumni,web_search,0.65,0,"2026-03-04 02:42:02"
623,2656,biro_kemahasiswaan_alumni_umi,kemahasiswaan,web_search,0.875,0,"2026-03-04 02:42:29"
624,2656,bem_umi,bem,web_search,0.65,0,"2026-03-04 02:42:29"
625,2656,bemfe.umi,bem,web_search,0.65,0,"2026-03-04 02:42:29"
626,2656,bem.umimedan,bem,web_search,0.65,0,"2026-03-04 02:42:29"
627,2656,bemftiumi,bem,web_search,0.65,0,"2026-03-04 02:42:29"
628,2656,pmb.umi,pmb,web_search,0.65,0,"2026-03-04 02:42:29"
629,2659,bemitb_i,bem,web_search,0.875,0,"2026-03-04 02:42:54"
630,2659,bem_itbrp,bem,web_search,0.875,0,"2026-03-04 02:42:54"
631,2659,km.itb,bem,web_search,0.6,0,"2026-03-04 02:42:54"
632,2659,official.pmb.itbmg,pmb,web_search,0.6,0,"2026-03-04 02:42:54"
633,2659,pmb_itbadias,pmb,web_search,0.6,0,"2026-03-04 02:42:54"
634,2659,pmb_itbadlmg,pmb,web_search,0.6,0,"2026-03-04 02:42:54"
635,2659,ditmawa.itb,kemahasiswaan,web_search,0.6,0,"2026-03-04 02:42:54"
636,2659,kemahasiswaan_itb.ad,kemahasiswaan,web_search,0.6,0,"2026-03-04 02:42:54"
637,2659,lppm_itb,lppm,web_search,0.6,0,"2026-03-04 02:42:54"
638,2670,kemahasiswaan.telkomunivsby,kemahasiswaan,web_search,0.65,0,"2026-03-04 02:45:06"
639,2678,lppmstitbpbjr6970,lppm,web_search,0.6,0,"2026-03-04 02:46:56"
640,2678,lppmstitalkhairiyah,lppm,web_search,0.6,0,"2026-03-04 02:46:56"
641,2678,lppmstit.ak,lppm,web_search,0.6,0,"2026-03-04 02:46:56"
642,2678,lppm_stit.madani,lppm,web_search,0.6,0,"2026-03-04 02:46:56"
643,2679,bem_sttpontianak,bem,web_search,0.65,0,"2026-03-04 02:47:23"
644,2679,bemsttpati,bem,web_search,0.65,0,"2026-03-04 02:47:23"
645,2679,pmb.sttp26,pmb,web_search,0.65,0,"2026-03-04 02:47:23"
646,2679,lppm.sttcipasung,lppm,web_search,0.6,0,"2026-03-04 02:47:23"
647,3061,lppmutmofficial,lppm,web_search,0.875,0,"2026-03-04 06:41:39"
648,3061,bemftutm,bem,web_search,0.65,0,"2026-03-04 06:41:39"
649,3061,bemfaperta_utm,bem,web_search,0.65,0,"2026-03-04 06:41:39"
650,3061,bemfisibutm,bem,web_search,0.65,0,"2026-03-04 06:41:39"
651,3061,bem.utmj,bem,web_search,0.65,0,"2026-03-04 06:41:39"
652,3065,bemft_uki,bem,web_search,0.65,0,"2026-03-04 06:42:33"
653,3065,bem.uki_toraja,bem,web_search,0.65,0,"2026-03-04 06:42:33"
654,3065,bemhukumukip,bem,web_search,0.65,0,"2026-03-04 06:42:33"
655,3065,ikafaked_uki,alumni,web_search,0.65,0,"2026-03-04 06:42:33"
656,3065,kentucky_alumni,alumni,web_search,0.65,0,"2026-03-04 06:42:33"
657,3075,sttsbl,humas,web_search,0.912,0,"2026-03-04 06:43:24"
658,3075,stetsonalumni,alumni,web_search,0.912,0,"2026-03-04 06:43:24"
659,3080,ustalumnioffice,alumni,web_search,0.6,0,"2026-03-04 06:43:52"
660,3080,ustalumnihtx,alumni,web_search,0.6,0,"2026-03-04 06:43:52"
661,3080,ustshsaa,alumni,web_search,0.6,0,"2026-03-04 06:43:52"
662,3080,popular,alumni,web_search,0.6,0,"2026-03-04 06:43:52"
663,3090,bem.ulbi,bem,web_search,0.6,0,"2026-03-04 06:45:11"
664,3118,humas.ubsi,humas,web_search,0.95,0,"2026-03-04 06:46:26"
665,3118,bemubsi,bem,web_search,0.85,0,"2026-03-04 06:46:26"
666,3118,bemubsisukabumi,bem,web_search,0.85,0,"2026-03-04 06:46:26"
667,3118,bemubsitasik,bem,web_search,0.85,0,"2026-03-04 06:46:26"
668,3118,bemfebubsi,bem,web_search,0.85,0,"2026-03-04 06:46:26"
669,3118,bemftiubsi,bem,web_search,0.85,0,"2026-03-04 06:46:26"
670,3118,ubsi.himahumas,humas,web_search,0.65,0,"2026-03-04 06:46:26"
671,3118,ika_bsi,alumni,web_search,0.65,0,"2026-03-04 06:46:26"
672,3118,lppmubsi,lppm,web_search,0.65,0,"2026-03-04 06:46:26"
673,3118,lppm_ubsi,lppm,web_search,0.65,0,"2026-03-04 06:46:26"
674,3124,kemahasiswaan.sttmigas,kemahasiswaan,web_search,0.65,0,"2026-03-04 06:46:49"
675,3136,kemahasiswaan.stieindonesia,kemahasiswaan,web_search,0.65,0,"2026-03-04 06:48:32"
676,3136,ika_stieimalang,alumni,web_search,0.65,0,"2026-03-04 06:48:32"
677,3136,stieibmi_alumni,alumni,web_search,0.65,0,"2026-03-04 06:48:32"
678,3136,ekuitas_alumni,alumni,web_search,0.6,0,"2026-03-04 06:48:32"
679,3136,ikastietrisakti,alumni,web_search,0.6,0,"2026-03-04 06:48:32"
680,3136,alumnistieperbanassurabaya,alumni,web_search,0.6,0,"2026-03-04 06:48:32"
681,3136,lppmstieganesha,lppm,web_search,0.6,0,"2026-03-04 06:48:32"
682,3136,lppm_stie_mujahidin,lppm,web_search,0.6,0,"2026-03-04 06:48:32"
683,3136,lppmganeshaofficial,lppm,web_search,0.6,0,"2026-03-04 06:48:32"
684,3136,lppm_stiet,lppm,web_search,0.6,0,"2026-03-04 06:48:32"
685,3143,kemahasiswaan_stiekn,kemahasiswaan,web_search,0.6,0,"2026-03-04 06:50:50"
686,3145,afpp1989,kemahasiswaan,web_search,0.65,0,"2026-03-04 06:51:17"
687,3148,bem_ppgikbm,bem,web_search,0.65,0,"2026-03-04 06:52:10"
688,3384,humassignature,humas,web_search,0.65,0,"2026-03-04 10:40:21"
689,3391,kemahasiswaan.ars,kemahasiswaan,web_search,0.65,0,"2026-03-04 10:41:15"
690,3391,kemahasiswaan_uad,kemahasiswaan,web_search,0.65,0,"2026-03-04 10:41:15"
691,3391,alumnimuj,alumni,web_search,0.65,0,"2026-03-04 10:41:15"
692,3396,humas_his,humas,web_search,0.65,0,"2026-03-04 10:42:04"
693,3396,pmb_ibuneneng,pmb,web_search,0.65,0,"2026-03-04 10:42:04"
694,3396,kemahasiswaan_ibu_arwam,kemahasiswaan,web_search,0.65,0,"2026-03-04 10:42:04"
695,3409,lppm_stiet,lppm,web_search,0.875,0,"2026-03-04 10:46:19"
696,3409,kemahasiswaan.stieindonesia,kemahasiswaan,web_search,0.6,0,"2026-03-04 10:46:19"
697,3409,kemahasiswaan_stiekn,kemahasiswaan,web_search,0.6,0,"2026-03-04 10:46:19"
698,3409,kemahasiswaan.stie.pancasetia,kemahasiswaan,web_search,0.6,0,"2026-03-04 10:46:19"
699,3409,lppm_stie_mujahidin,lppm,web_search,0.6,0,"2026-03-04 10:46:19"
700,3409,lppm_stie_sampit,lppm,web_search,0.6,0,"2026-03-04 10:46:19"
701,3409,lppm_stieekuitas,lppm,web_search,0.6,0,"2026-03-04 10:46:19"
702,3421,humasviking,humas,web_search,0.65,0,"2026-03-04 10:49:15"
703,3421,pkkc_x,humas,web_search,0.65,0,"2026-03-04 10:49:15"
